{"type":"FeatureCollection", "features": [
{"type":"Feature","geometry":{"type":"Polygon","coordinates":[[[36.0506,4.4562],[35.9439,4.548],[35.9389,4.5844],[35.9493,4.6286],[35.8121,4.7824],[35.8118,5.0957],[35.8397,5.1258],[35.8518,5.1478],[35.8616,5.1567],[35.8649,5.1717],[35.8641,5.1825],[35.8537,5.2031],[35.8387,5.2113],[35.8277,5.2422],[35.8296,5.2606],[35.8421,5.2719],[35.8524,5.2886],[35.8591,5.2905],[35.8638,5.3006],[35.8632,5.3201],[35.8542,5.3212],[35.8409,5.3294],[35.8412,5.3337],[35.8236,5.3351],[35.8195,5.341],[35.8028,5.3451],[35.7905,5.3454],[35.7852,5.3531],[35.773,5.3562],[35.7749,5.3491],[35.7539,5.3582],[35.7514,5.3731],[35.7481,5.3692],[35.7343,5.3777],[35.7243,5.3724],[35.7224,5.3863],[35.7171,5.3909],[35.6969,5.3909],[35.6901,5.3853],[35.6796,5.3895],[35.6714,5.3844],[35.6474,5.3888],[35.6322,5.3823],[35.6173,5.3809],[35.6199,5.3938],[35.618,5.4023],[35.605,5.4035],[35.6029,5.3979],[35.5899,5.4069],[35.5863,5.4162],[35.5598,5.4229],[35.485,5.4297],[35.2918,5.4306],[35.1946,5.2767],[34.3658,4.5766],[33.9928,4.2225],[34.039,4.1875],[34.0486,4.1783],[34.067,4.1422],[34.0508,4.1208],[34.064,4.0932],[34.0818,4.085],[34.0931,4.0687],[34.0931,4.047],[34.0904,4.0376],[34.0598,4.0279],[34.062,4.0094],[34.0815,4.0035],[34.1059,3.9769],[34.1344,3.9616],[34.1341,3.9558],[34.1217,3.9088],[34.1152,3.8974],[34.0912,3.8856],[34.0885,3.8616],[34.0926,3.8602],[34.1089,3.8687],[34.1278,3.8722],[34.1495,3.8689],[34.1672,3.8703],[34.1754,3.88],[34.2044,3.8823],[34.2156,3.8815],[34.2254,3.8514],[34.2254,3.8308],[34.1795,3.8317],[34.1628,3.8104],[34.1532,3.8072],[34.1536,3.8003],[34.1625,3.7978],[34.1707,3.8005],[34.1886,3.7954],[34.1904,3.7834],[34.1653,3.7739],[34.1718,3.7677],[34.1885,3.7719],[34.2212,3.7845],[34.2271,3.7742],[34.233,3.7811],[34.2455,3.7843],[34.259,3.7651],[34.2672,3.7474],[34.283,3.7314],[34.3078,3.7124],[34.3039,3.6874],[34.3084,3.691],[34.3171,3.7197],[34.3242,3.7274],[34.3537,3.7353],[34.3699,3.7351],[34.3778,3.7307],[34.3998,3.7062],[34.4031,3.6929],[34.4249,3.688],[34.4548,3.6769],[34.463,3.6696],[34.4585,3.6382],[34.4531,3.6118],[34.4565,3.5787],[34.451,3.5188],[34.4317,3.4972],[34.4235,3.4915],[34.398,3.4886],[34.3888,3.4919],[34.3904,3.4844],[34.4057,3.4674],[34.4165,3.4511],[34.419,3.4337],[34.41,3.4184],[34.4016,3.4148],[34.4006,3.3713],[34.4292,3.3431],[34.4383,3.3079],[34.4474,3.2839],[34.4517,3.241],[34.4517,3.2275],[34.4552,3.2007],[34.4554,3.1828],[34.4607,3.1743],[34.4706,3.173],[34.4827,3.1648],[34.4947,3.1415],[34.5133,3.1511],[34.5476,3.1388],[34.5593,3.113],[34.5755,3.0992],[34.5779,3.0699],[34.5774,3.0233],[34.5883,3.0041],[34.5894,2.982],[34.5991,2.9261],[34.6401,2.9076],[34.6535,2.8675],[34.6694,2.8636],[34.6927,2.8629],[34.7023,2.8781],[34.7123,2.8654],[34.737,2.8552],[34.7493,2.8258],[34.7599,2.8288],[34.7666,2.8226],[34.7741,2.7987],[34.7812,2.7681],[34.7838,2.7429],[34.7749,2.6978],[34.7895,2.684],[34.7985,2.6557],[34.8302,2.6207],[34.8376,2.6045],[34.8519,2.5835],[34.8673,2.5708],[34.8781,2.5727],[34.8794,2.5896],[34.893,2.5932],[34.897,2.5881],[34.9043,2.5492],[34.9127,2.5167],[34.9318,2.5166],[34.937,2.4989],[34.9473,2.4727],[34.9527,2.4725],[34.9514,2.4591],[34.9428,2.4555],[34.9408,2.4531],[34.9712,2.4365],[35.01,2.4035],[35.0134,2.4069],[35.0087,2.4247],[35.0214,2.4338],[35.0221,2.4433],[35.0169,2.4535],[35.0056,2.4626],[34.9973,2.4751],[34.9985,2.4895],[35.0047,2.5084],[35.0096,2.554],[35.0161,2.5676],[35.0264,2.5648],[35.0316,2.5372],[35.0443,2.5169],[35.06,2.4841],[35.0679,2.4625],[35.0797,2.4682],[35.0933,2.4786],[35.101,2.4883],[35.1075,2.5051],[35.1105,2.5206],[35.1076,2.5419],[35.1045,2.5475],[35.1073,2.5689],[35.117,2.6037],[35.1277,2.6234],[35.1305,2.6449],[35.1517,2.6491],[35.1605,2.6482],[35.1744,2.6368],[35.1982,2.5918],[35.2129,2.5507],[35.2249,2.5299],[35.2201,2.4938],[35.2226,2.4623],[35.2317,2.4414],[35.2266,2.4328],[35.2233,2.412],[35.2366,2.3786],[35.2321,2.3512],[35.239,2.3435],[35.2613,2.3317],[35.2711,2.3197],[35.2856,2.2976],[35.298,2.2707],[35.3088,2.2342],[35.3183,2.1894],[35.3249,2.1668],[35.3403,2.125],[35.3454,2.1046],[35.3658,2.0362],[35.3749,1.9922],[35.3734,1.9662],[35.3792,1.948],[35.3735,1.9457],[35.3654,1.9285],[35.4417,1.8519],[35.4496,1.8452],[35.4585,1.8462],[35.4654,1.8402],[35.4687,1.8262],[35.4682,1.8047],[35.4775,1.8027],[35.4774,1.796],[35.5062,1.7733],[35.5099,1.7639],[35.5249,1.7681],[35.5422,1.7665],[35.5704,1.7544],[35.5926,1.7523],[35.6021,1.7581],[35.6102,1.7489],[35.6266,1.7434],[35.6266,1.7471],[35.6568,1.738],[35.6705,1.7238],[35.683,1.7184],[35.6987,1.7079],[35.72,1.7071],[35.7553,1.6759],[35.7686,1.6685],[35.7919,1.6636],[36.0966,1.1694],[36.174,1.1709],[36.3169,0.9913],[36.3404,0.9931],[36.3451,0.9865],[36.3499,0.9663],[36.3628,0.9632],[36.3668,0.9559],[36.3822,0.9543],[36.3891,0.9407],[36.3857,0.9282],[36.3921,0.9188],[36.405,0.926],[36.4178,0.9369],[36.4365,0.9606],[36.4427,0.9711],[36.4454,0.9843],[36.4396,1.0025],[36.4458,0.9998],[36.4485,0.9804],[36.4582,0.9773],[36.4586,0.9967],[36.4532,0.9975],[36.4535,1.0147],[36.4416,1.0429],[36.4438,1.0553],[36.4406,1.0673],[36.444,1.0733],[36.4388,1.0807],[36.4388,1.1019],[36.4448,1.1134],[36.4341,1.1385],[36.4351,1.1562],[36.4401,1.1615],[36.4423,1.1729],[36.4186,1.1866],[36.4146,1.1816],[36.399,1.1737],[36.3922,1.1732],[36.3915,1.1844],[36.398,1.2068],[36.394,1.22],[36.3987,1.2267],[36.4181,1.227],[36.4216,1.2367],[36.4134,1.2467],[36.4134,1.2596],[36.4062,1.2524],[36.3965,1.2554],[36.3877,1.2634],[36.396,1.2696],[36.395,1.2768],[36.4042,1.2726],[36.4082,1.2791],[36.4229,1.2671],[36.4301,1.2673],[36.444,1.2526],[36.4535,1.2544],[36.4508,1.2726],[36.444,1.2778],[36.4346,1.293],[36.4378,1.3027],[36.4326,1.3042],[36.4194,1.2945],[36.4034,1.3005],[36.4019,1.3082],[36.3905,1.3129],[36.4039,1.3172],[36.4102,1.3286],[36.4211,1.3369],[36.4206,1.3458],[36.4351,1.3521],[36.4376,1.36],[36.4582,1.3687],[36.4657,1.3874],[36.4665,1.3986],[36.461,1.4034],[36.455,1.3981],[36.4473,1.4121],[36.4316,1.4101],[36.4122,1.4221],[36.3895,1.445],[36.3559,1.436],[36.3479,1.4388],[36.3227,1.4679],[36.3053,1.4689],[36.2941,1.4634],[36.2866,1.4699],[36.2976,1.4883],[36.2938,1.502],[36.2948,1.5197],[36.2998,1.5421],[36.309,1.5481],[36.3312,1.571],[36.3578,1.5708],[36.3618,1.5753],[36.3578,1.5877],[36.3668,1.5957],[36.3748,1.5848],[36.3693,1.5636],[36.372,1.5479],[36.385,1.5227],[36.3955,1.5242],[36.4057,1.5454],[36.4099,1.5611],[36.4244,1.5735],[36.4264,1.5833],[36.4313,1.5845],[36.4311,1.598],[36.4368,1.6029],[36.4426,1.6181],[36.4535,1.6124],[36.464,1.6132],[36.462,1.6191],[36.4705,1.6433],[36.4685,1.6525],[36.472,1.6632],[36.4789,1.6685],[36.4769,1.6754],[36.4854,1.6829],[36.4842,1.7028],[36.4989,1.7061],[36.4994,1.7175],[36.5056,1.7312],[36.519,1.7459],[36.5138,1.7484],[36.5253,1.7549],[36.524,1.7656],[36.5193,1.7666],[36.5146,1.7577],[36.5111,1.7666],[36.5165,1.7651],[36.5223,1.7861],[36.5293,1.7998],[36.5273,1.8077],[36.5193,1.806],[36.5136,1.816],[36.5118,1.8269],[36.518,1.8234],[36.5215,1.8319],[36.5175,1.8354],[36.523,1.8464],[36.518,1.8531],[36.5121,1.8496],[36.5098,1.8596],[36.5121,1.8795],[36.5233,1.8832],[36.524,1.8922],[36.5352,1.8949],[36.5395,1.9266],[36.536,1.9316],[36.5382,1.9428],[36.535,1.9463],[36.5385,1.957],[36.5345,1.9635],[36.5288,1.9522],[36.5295,1.9639],[36.5377,1.9712],[36.542,1.9889],[36.5394,2.0039],[36.5461,2.0071],[36.5438,2.0211],[36.555,2.043],[36.5552,2.0481],[36.5677,2.0569],[36.5645,2.1059],[36.5803,2.1232],[36.583,2.138],[36.6097,2.1626],[36.6111,2.1562],[36.6194,2.1613],[36.6362,2.1639],[36.6563,2.1734],[36.6681,2.1846],[36.6866,2.1957],[36.6992,2.1979],[36.7024,2.2035],[36.6996,2.2168],[36.7107,2.2232],[36.7093,2.2395],[36.7138,2.2523],[36.7066,2.2619],[36.7228,2.275],[36.7211,2.286],[36.7237,2.301],[36.601,2.36],[36.6009,2.4057],[36.5907,2.4141],[36.5858,2.408],[36.5665,2.4049],[36.5591,2.3971],[36.5404,2.4046],[36.5372,2.4088],[36.5296,2.4341],[36.5225,2.4507],[36.5276,2.4744],[36.5255,2.4844],[36.5293,2.5002],[36.5285,2.5222],[36.5225,2.532],[36.5139,2.5589],[36.4931,2.5743],[36.473,2.6005],[36.4716,2.6086],[36.4536,2.611],[36.4368,2.6335],[36.4332,2.6533],[36.4348,2.6666],[36.4324,2.6779],[36.4348,2.6865],[36.4457,2.7028],[36.4452,2.7064],[36.4308,2.714],[36.4197,2.7374],[36.4175,2.762],[36.3984,2.7925],[36.3858,2.8193],[36.3851,2.8272],[36.3752,2.8425],[36.3588,2.8608],[36.3446,2.8628],[36.319,2.8748],[36.2973,2.8874],[36.283,2.8902],[36.2701,2.9055],[36.2602,2.936],[36.2565,2.9616],[36.2522,2.9521],[36.2463,2.9492],[36.2358,2.9561],[36.2004,2.962],[36.1926,2.9678],[36.1637,2.9667],[36.133,2.9694],[36.1369,2.9785],[36.1284,2.9744],[36.1242,2.9793],[36.128,3.0039],[36.137,3.015],[36.1379,3.0311],[36.1411,3.0362],[36.1428,3.056],[36.1413,3.073],[36.1527,3.0825],[36.1506,3.0981],[36.1531,3.1241],[36.151,3.1377],[36.1418,3.1484],[36.1413,3.1574],[36.1526,3.1899],[36.1542,3.2146],[36.147,3.2237],[36.1423,3.2095],[36.1229,3.214],[36.1143,3.2211],[36.1027,3.2215],[36.0719,3.2287],[36.0521,3.2406],[36.0498,4.0566],[36.0506,4.4562]]]},"properties":{"COUNTY":"Turkana","Shape_Area":5.67698507035,"Shape_Leng":15.0468376942,"AREA_KM2":70350}},
{"type":"Feature","geometry":{"type":"Polygon","coordinates":[[[36.0506,4.4562],[36.0498,4.0566],[36.0521,3.2406],[36.0719,3.2287],[36.1027,3.2215],[36.1143,3.2211],[36.1229,3.214],[36.1423,3.2095],[36.147,3.2237],[36.1542,3.2146],[36.1526,3.1899],[36.1413,3.1574],[36.1418,3.1484],[36.151,3.1377],[36.1531,3.1241],[36.1506,3.0981],[36.1527,3.0825],[36.1413,3.073],[36.1428,3.056],[36.1411,3.0362],[36.1379,3.0311],[36.137,3.015],[36.128,3.0039],[36.1242,2.9793],[36.1284,2.9744],[36.1369,2.9785],[36.133,2.9694],[36.1637,2.9667],[36.1926,2.9678],[36.2004,2.962],[36.2358,2.9561],[36.2463,2.9492],[36.2522,2.9521],[36.2565,2.9616],[36.2602,2.936],[36.2701,2.9055],[36.283,2.8902],[36.2973,2.8874],[36.319,2.8748],[36.3446,2.8628],[36.3588,2.8608],[36.3752,2.8425],[36.3851,2.8272],[36.3858,2.8193],[36.3984,2.7925],[36.4175,2.762],[36.4197,2.7374],[36.4308,2.714],[36.4452,2.7064],[36.4457,2.7028],[36.4348,2.6865],[36.4324,2.6779],[36.4348,2.6666],[36.4332,2.6533],[36.4368,2.6335],[36.4536,2.611],[36.4716,2.6086],[36.473,2.6005],[36.4931,2.5743],[36.5139,2.5589],[36.5225,2.532],[36.5285,2.5222],[36.5293,2.5002],[36.5255,2.4844],[36.5276,2.4744],[36.5225,2.4507],[36.5296,2.4341],[36.5372,2.4088],[36.5404,2.4046],[36.5591,2.3971],[36.5665,2.4049],[36.5858,2.408],[36.5907,2.4141],[36.6009,2.4057],[36.6089,2.3966],[36.619,2.3998],[36.6205,2.4124],[36.6297,2.4133],[36.6336,2.4055],[36.6398,2.4102],[36.6379,2.3918],[36.6462,2.4137],[36.6562,2.4198],[36.6711,2.4455],[36.688,2.4589],[36.6968,2.4543],[36.6982,2.4683],[36.703,2.4774],[36.6997,2.5124],[36.715,2.5087],[36.7393,2.515],[36.7567,2.5161],[36.7981,2.4015],[36.8435,2.2748],[36.8658,2.2538],[36.89,2.2039],[36.8967,2.1925],[36.9035,2.1553],[36.9153,2.1257],[36.9127,2.1],[36.92,2.0995],[36.9182,2.0835],[36.9209,2.0574],[36.9158,2.018],[36.9253,2.0169],[36.941,2.0251],[36.95,2.0251],[37.0059,1.9855],[37.0421,1.9825],[37.0908,1.9834],[37.1209,1.9761],[37.1311,1.9707],[37.1495,1.9683],[37.1768,1.958],[37.1899,1.9314],[37.2199,1.907],[37.2321,1.9002],[37.2445,1.8827],[37.266,1.8788],[37.2829,1.8324],[37.3061,1.7655],[37.3505,1.7421],[37.443,1.5874],[37.4692,1.5543],[37.4999,1.5012],[37.5578,1.3962],[37.5698,1.3885],[37.5821,1.3702],[37.5874,1.3682],[37.5894,1.3791],[37.5985,1.3915],[37.6035,1.3791],[37.6087,1.3753],[37.6297,1.3837],[37.6467,1.3992],[37.6539,1.4009],[37.6569,1.3954],[37.6746,1.4032],[37.6836,1.399],[37.71,1.4072],[37.7249,1.4056],[37.7374,1.4076],[37.7479,1.4134],[37.7681,1.414],[37.7786,1.4121],[37.7815,1.4192],[37.7936,1.4141],[37.8005,1.4184],[37.8116,1.4188],[37.8183,1.423],[37.8259,1.4208],[37.8417,1.4255],[37.8521,1.4591],[37.9506,1.387],[37.9453,1.2629],[38.3397,1.5774],[38.3832,1.7613],[38.9626,2.0974],[38.9564,2.1027],[38.9512,2.1144],[38.9358,2.1612],[38.9377,2.1714],[38.9383,2.2148],[38.9343,2.2437],[38.9293,2.2606],[38.9261,2.2829],[38.9361,2.3179],[38.9316,2.344],[38.9343,2.3743],[38.9309,2.3806],[38.9282,2.412],[38.9145,2.4408],[38.9135,2.4499],[38.902,2.4794],[38.9014,2.4871],[38.8937,2.5138],[38.8913,2.5367],[38.8886,2.5426],[38.968,2.5632],[38.9817,2.5712],[39.0434,2.676],[39.0362,2.6869],[39.046,2.7001],[39.0525,2.7265],[39.066,2.7376],[39.0651,2.8823],[39.1118,2.8833],[39.1172,2.9161],[39.1236,2.9313],[39.1396,2.941],[39.1474,2.9528],[39.1533,2.9547],[39.2022,2.9569],[39.2481,2.9891],[39.2494,2.9959],[39.2824,3.0267],[39.2893,3.0353],[39.324,3.0528],[39.3468,3.0701],[39.3424,3.2484],[39.3392,3.274],[39.329,3.2861],[39.3135,3.4068],[39.3017,3.4266],[39.2998,3.4407],[39.3052,3.4568],[39.3181,3.472],[39.3004,3.4757],[39.2951,3.4794],[39.2813,3.479],[39.2694,3.4727],[39.2562,3.4776],[39.2327,3.4794],[39.2272,3.4831],[39.2012,3.4798],[39.1916,3.4819],[39.1903,3.4941],[39.1797,3.4906],[39.1516,3.5026],[39.1527,3.5113],[39.1318,3.5128],[39.1062,3.5242],[39.0898,3.5405],[39.0796,3.5415],[39.0794,3.5335],[39.0673,3.5306],[39.0543,3.523],[39.038,3.5301],[39.0328,3.5254],[39.0227,3.5255],[39.0221,3.516],[39.0098,3.5184],[39.0073,3.5248],[39.0001,3.5211],[38.9803,3.5172],[38.9788,3.5213],[38.964,3.5236],[38.9581,3.519],[38.9586,3.5089],[38.9043,3.5059],[38.8409,3.5282],[38.8381,3.5274],[38.7138,3.5656],[38.7117,3.5754],[38.6926,3.6051],[38.6879,3.6174],[38.6823,3.6202],[38.6722,3.6154],[38.6763,3.6042],[38.6654,3.5872],[38.6113,3.6076],[38.5992,3.5999],[38.5761,3.6011],[38.5571,3.615],[38.5468,3.6396],[38.5343,3.6492],[38.5157,3.6446],[38.5221,3.6354],[38.5223,3.6222],[38.5045,3.6178],[38.4476,3.5976],[38.3045,3.6078],[38.1811,3.6158],[38.1472,3.6071],[38.1353,3.6063],[38.1282,3.6008],[38.1128,3.6182],[38.0568,3.6644],[38.0338,3.6842],[37.9896,3.7292],[37.9184,3.7685],[37.9076,3.7778],[37.8419,3.8205],[37.799,3.8495],[37.7665,3.8695],[37.6518,3.9503],[37.6463,3.9578],[37.5851,3.9987],[37.4934,4.0647],[37.4277,4.1077],[37.4203,4.1113],[37.2865,4.199],[37.2075,4.2498],[37.138,4.2954],[37.132,4.2938],[37.1136,4.3073],[37.0905,4.3431],[37.0778,4.3489],[37.0649,4.3472],[37.0638,4.3526],[37.0489,4.3702],[37.0322,4.3857],[37.0205,4.3719],[37.0091,4.3805],[37.0043,4.3781],[36.9852,4.3956],[36.9744,4.3985],[36.9583,4.3982],[36.9586,4.4036],[36.9083,4.4251],[36.8783,4.4318],[36.8426,4.45],[36.679,4.4414],[36.6603,4.4419],[36.6433,4.4536],[36.6252,4.4541],[36.5459,4.4446],[36.3776,4.4482],[36.2627,4.4509],[36.2458,4.4575],[36.2318,4.4512],[36.0506,4.4562]]]},"properties":{"COUNTY":"Marsabit","Shape_Area":6.1768307404,"Shape_Leng":11.9741649875,"AREA_KM2":76544}},
{"type":"Feature","geometry":{"type":"Polygon","coordinates":[[[40.992,2.1792],[40.9925,2.2519],[40.9926,2.5232],[40.9925,2.8248],[41.1855,3.0142],[41.3283,3.1537],[41.3333,3.1606],[41.5263,3.4348],[41.6442,3.6014],[41.7996,3.8233],[41.8914,3.9524],[41.9063,3.9764],[41.8985,3.9811],[41.8839,3.9727],[41.8825,3.9668],[41.8643,3.9595],[41.8535,3.9591],[41.8547,3.9515],[41.8485,3.9477],[41.843,3.9541],[41.8371,3.9482],[41.8186,3.9536],[41.8209,3.9587],[41.8035,3.9576],[41.798,3.9599],[41.7921,3.9826],[41.7864,3.9785],[41.7796,3.982],[41.7742,3.9744],[41.7553,3.9746],[41.7548,3.9824],[41.7399,3.9884],[41.7346,3.9848],[41.7217,3.9888],[41.7208,3.995],[41.7123,3.9865],[41.7056,3.9877],[41.6917,3.9807],[41.688,3.9725],[41.6829,3.978],[41.6783,3.9617],[41.6706,3.9688],[41.6553,3.9667],[41.6433,3.9792],[41.6354,3.9789],[41.6263,3.9844],[41.6174,3.9748],[41.6007,3.9759],[41.5959,3.9715],[41.5797,3.9738],[41.5655,3.9698],[41.5614,3.9782],[41.551,3.9854],[41.5267,3.9741],[41.5217,3.9609],[41.5127,3.9552],[41.5011,3.9697],[41.4958,3.9631],[41.4845,3.9634],[41.4796,3.9555],[41.4633,3.9605],[41.4492,3.9562],[41.4397,3.9586],[41.4386,3.9508],[41.4194,3.95],[41.3974,3.9656],[41.3811,3.9603],[41.377,3.9534],[41.3552,3.9612],[41.3536,3.9529],[41.3276,3.942],[41.3121,3.948],[41.3045,3.9478],[41.2974,3.9558],[41.2958,3.9479],[41.281,3.948],[41.2641,3.9557],[41.2421,3.9521],[41.2382,3.9603],[41.2306,3.9508],[41.227,3.9543],[41.2152,3.9534],[41.2089,3.9472],[41.2069,3.9357],[41.1957,3.9368],[41.1775,3.9452],[41.1723,3.943],[41.1668,3.9505],[41.155,3.9581],[41.1306,3.9672],[41.1352,3.9733],[41.1256,3.9742],[41.1262,3.9792],[41.1153,3.9888],[41.1083,3.9858],[41.1013,3.9918],[41.0999,4.0023],[41.1054,4.0078],[41.0846,4.0175],[41.0833,4.0238],[41.0713,4.0279],[41.0689,4.0388],[41.0617,4.0505],[41.0529,4.056],[41.0397,4.0771],[41.0325,4.0751],[41.027,4.0825],[41.0189,4.0848],[41.0103,4.0998],[40.9996,4.1123],[40.9819,4.1138],[40.9729,4.1301],[40.9615,4.1366],[40.9582,4.1426],[40.942,4.15],[40.934,4.1486],[40.9179,4.1564],[40.9073,4.1568],[40.8996,4.1838],[40.887,4.1933],[40.887,4.2118],[40.8817,4.2191],[40.8679,4.2284],[40.8568,4.2287],[40.8513,4.2363],[40.848,4.249],[40.8397,4.2523],[40.835,4.2484],[40.8051,4.2656],[40.79,4.2702],[40.7822,4.2828],[40.7761,4.2799],[40.7579,4.2817],[40.7459,4.2641],[40.7357,4.2605],[40.7273,4.252],[40.7108,4.2525],[40.7012,4.2489],[40.6932,4.2413],[40.5633,4.1886],[40.4017,4.1227],[40.395,4.1139],[40.3874,4.116],[40.206,4.0422],[40.196,4.0476],[40.1901,4.0454],[40.1836,4.0323],[40.1622,4.0211],[40.1562,4.0137],[40.149,4.0139],[40.1175,3.9971],[39.9611,3.9157],[39.8677,3.8675],[39.7753,3.6681],[39.7868,3.3335],[40.0351,3.2296],[40.0442,3.2242],[40.065,3.2009],[40.1404,3.1199],[40.1827,3.0729],[40.2697,2.9706],[40.4915,2.8681],[40.4963,2.8523],[40.4942,2.8369],[40.4982,2.8323],[40.4951,2.817],[40.5037,2.8097],[40.4932,2.8001],[40.5049,2.7947],[40.5036,2.7874],[40.5221,2.7752],[40.5194,2.7709],[40.5204,2.7396],[40.5143,2.7388],[40.5062,2.7249],[40.5009,2.7223],[40.5035,2.715],[40.5193,2.6993],[40.528,2.6642],[40.5326,2.6594],[40.5383,2.6434],[40.5463,2.6319],[40.5454,2.6262],[40.5521,2.6084],[40.5539,2.5933],[40.5611,2.5878],[40.5594,2.5805],[40.5674,2.5647],[40.5814,2.5498],[40.5813,2.5287],[40.5958,2.5144],[40.5914,2.5032],[40.6032,2.4928],[40.6035,2.4843],[40.6155,2.4629],[40.6308,2.4489],[40.6418,2.4355],[40.6596,2.4305],[40.6649,2.4217],[40.6681,2.3905],[40.6758,2.3844],[40.6817,2.3703],[40.6929,2.3657],[40.7007,2.3546],[40.7097,2.349],[40.7205,2.3272],[40.7378,2.3147],[40.7571,2.3142],[40.7791,2.3051],[40.7984,2.2868],[40.816,2.277],[40.8377,2.2753],[40.8432,2.263],[40.8618,2.2437],[40.8763,2.2246],[40.9136,2.1929],[40.9375,2.18],[40.9625,2.1763],[40.992,2.1792]]]},"properties":{"COUNTY":"Mandera","Shape_Area":2.11719606749,"Shape_Leng":7.35515432979,"AREA_KM2":26237}},
{"type":"Feature","geometry":{"type":"Polygon","coordinates":[[[39.3181,3.472],[39.3052,3.4568],[39.2998,3.4407],[39.3017,3.4266],[39.3135,3.4068],[39.329,3.2861],[39.3392,3.274],[39.3424,3.2484],[39.3468,3.0701],[39.324,3.0528],[39.2893,3.0353],[39.2824,3.0267],[39.2494,2.9959],[39.2481,2.9891],[39.2022,2.9569],[39.1533,2.9547],[39.1474,2.9528],[39.1396,2.941],[39.1236,2.9313],[39.1172,2.9161],[39.1118,2.8833],[39.0651,2.8823],[39.066,2.7376],[39.0525,2.7265],[39.046,2.7001],[39.0362,2.6869],[39.0434,2.676],[38.9817,2.5712],[38.968,2.5632],[38.8886,2.5426],[38.8913,2.5367],[38.8937,2.5138],[38.9014,2.4871],[38.902,2.4794],[38.9135,2.4499],[38.9145,2.4408],[38.9282,2.412],[38.9309,2.3806],[38.9343,2.3743],[38.9316,2.344],[38.9361,2.3179],[38.9261,2.2829],[38.9293,2.2606],[38.9343,2.2437],[38.9383,2.2148],[38.9377,2.1714],[38.9358,2.1612],[38.9512,2.1144],[38.9564,2.1027],[38.9626,2.0974],[38.9853,2.0696],[38.9843,2.0533],[38.9918,2.0441],[38.9896,2.0272],[38.9956,2.0078],[39.0038,2.0005],[39.0197,1.9774],[39.0351,1.9671],[39.0385,1.9583],[39.0489,1.9449],[39.0556,1.9319],[39.0633,1.9282],[39.0673,1.9167],[39.0838,1.8991],[39.0968,1.8891],[39.102,1.89],[39.1121,1.8779],[39.1227,1.8739],[39.1311,1.8662],[39.1458,1.8366],[39.144,1.8304],[39.154,1.8131],[39.1621,1.8054],[39.1701,1.7911],[39.1797,1.762],[39.1803,1.7534],[39.1983,1.7219],[39.2138,1.6974],[39.2319,1.6938],[39.2591,1.68],[39.2659,1.6736],[39.2733,1.6741],[39.2854,1.6675],[39.2869,1.6625],[39.3024,1.6538],[39.3083,1.6545],[39.3134,1.6432],[39.319,1.6443],[39.3286,1.6339],[39.3453,1.626],[39.3484,1.618],[39.358,1.6101],[39.3791,1.5786],[39.3867,1.5734],[39.3897,1.5642],[39.3948,1.5652],[39.3989,1.5542],[39.4149,1.5509],[39.4385,1.5295],[39.4472,1.5272],[39.3587,1.4973],[39.2743,1.4678],[39.3424,1.2895],[39.3978,1.1463],[39.4608,1.0003],[39.4607,0.9947],[39.4662,0.9873],[39.4804,0.9794],[39.4915,0.964],[39.4979,0.9339],[39.5145,0.9002],[39.5279,0.8685],[39.5457,0.8157],[39.5528,0.787],[39.5689,0.7486],[39.5753,0.7422],[39.5885,0.719],[39.597,0.7133],[39.6007,0.7033],[39.615,0.6841],[39.6248,0.6773],[39.6285,0.6698],[39.6354,0.6676],[39.6467,0.657],[39.6544,0.6326],[39.6766,0.5977],[39.6983,0.5731],[39.6994,0.5691],[39.7243,0.5436],[39.7321,0.527],[39.7627,0.5115],[39.767,0.5041],[39.7837,0.4905],[39.7992,0.483],[39.8207,0.4821],[39.8274,0.4779],[39.8356,0.48],[39.8526,0.4759],[39.8569,0.469],[39.8761,0.4582],[39.89,0.463],[39.9025,0.4625],[39.9439,0.4297],[39.9699,0.4141],[39.9912,0.4048],[40.013,0.3989],[40.0484,0.3963],[40.0596,0.3926],[40.1012,0.3633],[40.1282,0.3426],[40.1633,0.3239],[40.1781,0.3099],[40.2111,0.272],[40.2237,0.2601],[40.2428,0.2464],[40.2589,0.2373],[40.2826,0.228],[40.3071,0.2156],[40.3299,0.2],[40.366,0.1982],[40.3832,0.1938],[40.3999,0.1843],[40.4297,0.1902],[40.4554,0.1857],[40.4817,0.1882],[40.4966,0.198],[40.5042,0.1923],[40.5092,0.1951],[40.514,0.2082],[40.5309,0.2255],[40.5407,0.2268],[40.5617,0.2167],[40.5873,0.2158],[40.5969,0.2265],[40.6039,0.2252],[40.6121,0.2328],[40.6195,0.2314],[40.6484,0.2326],[40.6719,0.2498],[40.6829,0.26],[40.683,0.2698],[40.6945,0.2781],[40.7044,0.296],[40.709,0.3101],[40.7186,0.3217],[40.7373,0.3273],[40.7551,0.3459],[40.7745,0.3546],[40.8193,0.3663],[40.8433,0.3709],[40.8599,0.3775],[40.886,0.3924],[40.9202,0.425],[40.9456,0.4369],[40.9612,0.4476],[40.9774,0.4529],[40.9918,0.4644],[40.9923,0.6033],[40.9923,0.858],[40.9926,1.018],[40.9923,1.1705],[40.9922,1.4428],[40.9921,1.7101],[40.9904,1.9473],[40.992,2.1792],[40.9625,2.1763],[40.9375,2.18],[40.9136,2.1929],[40.8763,2.2246],[40.8618,2.2437],[40.8432,2.263],[40.8377,2.2753],[40.816,2.277],[40.7984,2.2868],[40.7791,2.3051],[40.7571,2.3142],[40.7378,2.3147],[40.7205,2.3272],[40.7097,2.349],[40.7007,2.3546],[40.6929,2.3657],[40.6817,2.3703],[40.6758,2.3844],[40.6681,2.3905],[40.6649,2.4217],[40.6596,2.4305],[40.6418,2.4355],[40.6308,2.4489],[40.6155,2.4629],[40.6035,2.4843],[40.6032,2.4928],[40.5914,2.5032],[40.5958,2.5144],[40.5813,2.5287],[40.5814,2.5498],[40.5674,2.5647],[40.5594,2.5805],[40.5611,2.5878],[40.5539,2.5933],[40.5521,2.6084],[40.5454,2.6262],[40.5463,2.6319],[40.5383,2.6434],[40.5326,2.6594],[40.528,2.6642],[40.5193,2.6993],[40.5035,2.715],[40.5009,2.7223],[40.5062,2.7249],[40.5143,2.7388],[40.5204,2.7396],[40.5194,2.7709],[40.5221,2.7752],[40.5036,2.7874],[40.5049,2.7947],[40.4932,2.8001],[40.5037,2.8097],[40.4951,2.817],[40.4982,2.8323],[40.4942,2.8369],[40.4963,2.8523],[40.4915,2.8681],[40.2697,2.9706],[40.1827,3.0729],[40.1404,3.1199],[40.065,3.2009],[40.0442,3.2242],[40.0351,3.2296],[39.7868,3.3335],[39.7753,3.6681],[39.7681,3.6581],[39.7659,3.6611],[39.6094,3.5011],[39.553,3.4661],[39.5403,3.4728],[39.5253,3.4666],[39.5015,3.4701],[39.4999,3.4649],[39.4917,3.4667],[39.4867,3.4605],[39.4665,3.4603],[39.4566,3.456],[39.4456,3.4607],[39.4313,3.4576],[39.429,3.4663],[39.4171,3.461],[39.4134,3.4667],[39.4034,3.4632],[39.3763,3.4682],[39.3359,3.4663],[39.3181,3.472]]]},"properties":{"COUNTY":"Wajir","Shape_Area":4.60958923426,"Shape_Leng":9.83840789987,"AREA_KM2":57123}},
{"type":"Feature","geometry":{"type":"Polygon","coordinates":[[[35.7919,1.6636],[35.7686,1.6685],[35.7553,1.6759],[35.72,1.7071],[35.6987,1.7079],[35.683,1.7184],[35.6705,1.7238],[35.6568,1.738],[35.6266,1.7471],[35.6266,1.7434],[35.6102,1.7489],[35.6021,1.7581],[35.5926,1.7523],[35.5704,1.7544],[35.5422,1.7665],[35.5249,1.7681],[35.5099,1.7639],[35.5062,1.7733],[35.4774,1.796],[35.4775,1.8027],[35.4682,1.8047],[35.4687,1.8262],[35.4654,1.8402],[35.4585,1.8462],[35.4496,1.8452],[35.4417,1.8519],[35.3654,1.9285],[35.3735,1.9457],[35.3792,1.948],[35.3734,1.9662],[35.3749,1.9922],[35.3658,2.0362],[35.3454,2.1046],[35.3403,2.125],[35.3249,2.1668],[35.3183,2.1894],[35.3088,2.2342],[35.298,2.2707],[35.2856,2.2976],[35.2711,2.3197],[35.2613,2.3317],[35.239,2.3435],[35.2321,2.3512],[35.2366,2.3786],[35.2233,2.412],[35.2266,2.4328],[35.2317,2.4414],[35.2226,2.4623],[35.2201,2.4938],[35.2249,2.5299],[35.2129,2.5507],[35.1982,2.5918],[35.1744,2.6368],[35.1605,2.6482],[35.1517,2.6491],[35.1305,2.6449],[35.1277,2.6234],[35.117,2.6037],[35.1073,2.5689],[35.1045,2.5475],[35.1076,2.5419],[35.1105,2.5206],[35.1075,2.5051],[35.101,2.4883],[35.0933,2.4786],[35.0797,2.4682],[35.0679,2.4625],[35.06,2.4841],[35.0443,2.5169],[35.0316,2.5372],[35.0264,2.5648],[35.0161,2.5676],[35.0096,2.554],[35.0047,2.5084],[34.9985,2.4895],[34.9973,2.4751],[35.0056,2.4626],[35.0169,2.4535],[35.0221,2.4433],[35.0214,2.4338],[35.0087,2.4247],[35.0134,2.4069],[35.01,2.4035],[34.9712,2.4365],[34.9408,2.4531],[34.9428,2.4555],[34.9276,2.4543],[34.9004,2.4399],[34.8829,2.4187],[34.8791,2.3979],[34.8822,2.386],[34.9042,2.3204],[34.9339,2.248],[34.9418,2.2345],[34.9663,2.1869],[34.9751,2.1629],[34.9923,2.0929],[34.9638,2.0637],[34.9831,1.9993],[34.9839,1.9806],[34.9921,1.9671],[35.0258,1.9242],[35.0005,1.8383],[34.9878,1.6652],[34.9422,1.5762],[34.9203,1.5633],[34.91,1.5642],[34.9023,1.5524],[34.8868,1.5558],[34.8833,1.541],[34.8778,1.533],[34.8636,1.5266],[34.8603,1.5147],[34.8604,1.4572],[34.8545,1.4504],[34.8424,1.4534],[34.7973,1.4253],[34.7886,1.4163],[34.7889,1.4095],[34.8035,1.3768],[34.8036,1.3725],[34.7932,1.3608],[34.8292,1.3113],[34.8313,1.2693],[34.8223,1.2626],[34.9107,1.2842],[34.9061,1.2521],[34.9419,1.2508],[34.972,1.2462],[34.9931,1.2576],[35.0121,1.2542],[35.0239,1.2342],[35.0444,1.2154],[35.0353,1.2038],[35.0416,1.1946],[35.0614,1.18],[35.0749,1.1763],[35.0831,1.1692],[35.087,1.1833],[35.117,1.188],[35.1242,1.1838],[35.1521,1.1994],[35.3245,1.1164],[35.3556,1.132],[35.5439,1.2851],[35.5575,1.285],[35.5665,1.2904],[35.5779,1.2912],[35.5853,1.2832],[35.6026,1.2793],[35.6113,1.281],[35.6151,1.2875],[35.6392,1.3032],[35.6754,1.316],[35.696,1.319],[35.6991,1.3274],[35.6943,1.3392],[35.687,1.3468],[35.6926,1.3729],[35.7001,1.3822],[35.7013,1.3987],[35.7101,1.4136],[35.7063,1.4153],[35.7062,1.4391],[35.7226,1.4585],[35.7196,1.4733],[35.7289,1.4811],[35.7283,1.4869],[35.7375,1.4967],[35.7589,1.5073],[35.762,1.5188],[35.7671,1.5229],[35.768,1.5328],[35.775,1.5431],[35.7753,1.5509],[35.7827,1.5598],[35.7853,1.5916],[35.7909,1.6257],[35.7797,1.6301],[35.7761,1.6368],[35.7774,1.6471],[35.7919,1.6636]]]},"properties":{"COUNTY":"West Pokot","Shape_Area":0.74048057955,"Shape_Leng":5.03027088343,"AREA_KM2":9176}},
{"type":"Feature","geometry":{"type":"Polygon","coordinates":[[[37.9453,1.2629],[37.9506,1.387],[37.8521,1.4591],[37.8417,1.4255],[37.8259,1.4208],[37.8183,1.423],[37.8116,1.4188],[37.8005,1.4184],[37.7936,1.4141],[37.7815,1.4192],[37.7786,1.4121],[37.7681,1.414],[37.7479,1.4134],[37.7374,1.4076],[37.7249,1.4056],[37.71,1.4072],[37.6836,1.399],[37.6746,1.4032],[37.6569,1.3954],[37.6539,1.4009],[37.6467,1.3992],[37.6297,1.3837],[37.6087,1.3753],[37.6035,1.3791],[37.5985,1.3915],[37.5894,1.3791],[37.5874,1.3682],[37.5821,1.3702],[37.5698,1.3885],[37.5578,1.3962],[37.4999,1.5012],[37.4692,1.5543],[37.443,1.5874],[37.3505,1.7421],[37.3061,1.7655],[37.2829,1.8324],[37.266,1.8788],[37.2445,1.8827],[37.2321,1.9002],[37.2199,1.907],[37.1899,1.9314],[37.1768,1.958],[37.1495,1.9683],[37.1311,1.9707],[37.1209,1.9761],[37.0908,1.9834],[37.0421,1.9825],[37.0059,1.9855],[36.95,2.0251],[36.941,2.0251],[36.9253,2.0169],[36.9158,2.018],[36.9209,2.0574],[36.9182,2.0835],[36.92,2.0995],[36.9127,2.1],[36.9153,2.1257],[36.9035,2.1553],[36.8967,2.1925],[36.89,2.2039],[36.8658,2.2538],[36.8435,2.2748],[36.7981,2.4015],[36.7567,2.5161],[36.7393,2.515],[36.715,2.5087],[36.6997,2.5124],[36.703,2.4774],[36.6982,2.4683],[36.6968,2.4543],[36.688,2.4589],[36.6711,2.4455],[36.6562,2.4198],[36.6462,2.4137],[36.6379,2.3918],[36.6398,2.4102],[36.6336,2.4055],[36.6297,2.4133],[36.6205,2.4124],[36.619,2.3998],[36.6089,2.3966],[36.6009,2.4057],[36.601,2.36],[36.7237,2.301],[36.7211,2.286],[36.7228,2.275],[36.7066,2.2619],[36.7138,2.2523],[36.7093,2.2395],[36.7107,2.2232],[36.6996,2.2168],[36.7024,2.2035],[36.6992,2.1979],[36.6866,2.1957],[36.6681,2.1846],[36.6563,2.1734],[36.6362,2.1639],[36.6194,2.1613],[36.6111,2.1562],[36.6097,2.1626],[36.583,2.138],[36.5803,2.1232],[36.5645,2.1059],[36.5677,2.0569],[36.5552,2.0481],[36.555,2.043],[36.5438,2.0211],[36.5461,2.0071],[36.5394,2.0039],[36.542,1.9889],[36.5377,1.9712],[36.5295,1.9639],[36.5288,1.9522],[36.5345,1.9635],[36.5385,1.957],[36.535,1.9463],[36.5382,1.9428],[36.536,1.9316],[36.5395,1.9266],[36.5352,1.8949],[36.524,1.8922],[36.5233,1.8832],[36.5121,1.8795],[36.5098,1.8596],[36.5121,1.8496],[36.518,1.8531],[36.523,1.8464],[36.5175,1.8354],[36.5215,1.8319],[36.518,1.8234],[36.5118,1.8269],[36.5136,1.816],[36.5193,1.806],[36.5273,1.8077],[36.5293,1.7998],[36.5223,1.7861],[36.5165,1.7651],[36.5111,1.7666],[36.5146,1.7577],[36.5193,1.7666],[36.524,1.7656],[36.5253,1.7549],[36.5138,1.7484],[36.519,1.7459],[36.5056,1.7312],[36.4994,1.7175],[36.4989,1.7061],[36.4842,1.7028],[36.4854,1.6829],[36.4769,1.6754],[36.4789,1.6685],[36.472,1.6632],[36.4685,1.6525],[36.4705,1.6433],[36.462,1.6191],[36.464,1.6132],[36.4535,1.6124],[36.4426,1.6181],[36.4368,1.6029],[36.4311,1.598],[36.4313,1.5845],[36.4264,1.5833],[36.4244,1.5735],[36.4099,1.5611],[36.4057,1.5454],[36.3955,1.5242],[36.385,1.5227],[36.372,1.5479],[36.3693,1.5636],[36.3748,1.5848],[36.3668,1.5957],[36.3578,1.5877],[36.3618,1.5753],[36.3578,1.5708],[36.3312,1.571],[36.309,1.5481],[36.2998,1.5421],[36.2948,1.5197],[36.2938,1.502],[36.2976,1.4883],[36.2866,1.4699],[36.2941,1.4634],[36.3053,1.4689],[36.3227,1.4679],[36.3479,1.4388],[36.3559,1.436],[36.3895,1.445],[36.4122,1.4221],[36.4316,1.4101],[36.4473,1.4121],[36.455,1.3981],[36.461,1.4034],[36.4665,1.3986],[36.4657,1.3874],[36.4582,1.3687],[36.4376,1.36],[36.4351,1.3521],[36.4206,1.3458],[36.4211,1.3369],[36.4102,1.3286],[36.4039,1.3172],[36.3905,1.3129],[36.4019,1.3082],[36.4034,1.3005],[36.4194,1.2945],[36.4326,1.3042],[36.4378,1.3027],[36.4346,1.293],[36.444,1.2778],[36.4508,1.2726],[36.4535,1.2544],[36.444,1.2526],[36.4301,1.2673],[36.4229,1.2671],[36.4082,1.2791],[36.4042,1.2726],[36.395,1.2768],[36.396,1.2696],[36.3877,1.2634],[36.3965,1.2554],[36.4062,1.2524],[36.4134,1.2596],[36.4134,1.2467],[36.4216,1.2367],[36.4181,1.227],[36.3987,1.2267],[36.394,1.22],[36.398,1.2068],[36.3915,1.1844],[36.3922,1.1732],[36.399,1.1737],[36.4146,1.1816],[36.4186,1.1866],[36.4423,1.1729],[36.4401,1.1615],[36.4351,1.1562],[36.4341,1.1385],[36.4448,1.1134],[36.4388,1.1019],[36.4388,1.0807],[36.444,1.0733],[36.4406,1.0673],[36.4438,1.0553],[36.4416,1.0429],[36.4535,1.0147],[36.4532,0.9975],[36.4586,0.9967],[36.4582,0.9773],[36.4485,0.9804],[36.4458,0.9998],[36.4396,1.0025],[36.4454,0.9843],[36.4427,0.9711],[36.4365,0.9606],[36.4178,0.9369],[36.405,0.926],[36.3921,0.9188],[36.3949,0.9057],[36.4024,0.9005],[36.4169,0.9025],[36.4296,0.8839],[36.4442,0.8733],[36.4534,0.8728],[36.4887,0.8468],[36.4824,0.8135],[36.6695,0.8133],[36.673,0.8167],[36.6872,0.8175],[36.7084,0.8144],[36.7347,0.825],[36.7561,0.8584],[36.7731,0.8656],[36.7934,0.8694],[36.8156,0.8559],[36.8201,0.8382],[36.832,0.8135],[36.8345,0.7998],[36.8438,0.7949],[36.8409,0.79],[36.8567,0.7635],[36.8658,0.7377],[36.8777,0.7381],[36.8811,0.7332],[36.8969,0.7403],[36.9087,0.7368],[36.9102,0.7287],[36.9167,0.7293],[36.9199,0.7381],[36.9316,0.7434],[36.9346,0.7542],[36.9486,0.7439],[36.9663,0.7421],[36.9736,0.7468],[36.9806,0.7445],[36.9956,0.7507],[37.0031,0.7502],[37.042,0.7643],[37.0587,0.7724],[37.0707,0.7669],[37.0732,0.7796],[37.0933,0.7829],[37.1038,0.7875],[37.1113,0.7805],[37.1181,0.7831],[37.1244,0.7781],[37.1288,0.7661],[37.1366,0.7595],[37.1524,0.7595],[37.1538,0.7524],[37.1628,0.7507],[37.1699,0.7427],[37.2005,0.7464],[37.2062,0.7415],[37.2199,0.7394],[37.248,0.7634],[37.2574,0.7636],[37.2703,0.7523],[37.2731,0.7458],[37.2887,0.7369],[37.3008,0.7197],[37.3052,0.7032],[37.3137,0.6864],[37.3263,0.6684],[37.327,0.6597],[37.3331,0.649],[37.3417,0.6467],[37.3433,0.6381],[37.3526,0.6223],[37.3538,0.6013],[37.3625,0.5999],[37.3645,0.5874],[37.3731,0.5879],[37.3897,0.5769],[37.4291,0.5831],[37.447,0.5804],[37.4624,0.5864],[37.4703,0.5933],[37.4761,0.5887],[37.4924,0.5883],[37.4923,0.5762],[37.5024,0.5756],[37.5082,0.5694],[37.5211,0.5704],[37.5327,0.5654],[37.5471,0.5779],[37.5574,0.571],[37.5832,0.5746],[37.5825,0.5874],[37.6073,0.5922],[37.6181,0.5998],[37.6351,0.5997],[37.6415,0.6122],[37.6383,0.6211],[37.6434,0.6221],[37.6504,0.6322],[37.666,0.6332],[37.6739,0.6414],[37.6812,0.6426],[37.683,0.6514],[37.6907,0.6631],[37.7091,0.6672],[37.714,0.6601],[37.7238,0.6547],[37.7341,0.6623],[37.7467,0.6762],[37.7578,0.6726],[37.7739,0.678],[37.7896,0.6722],[37.8035,0.6757],[37.8111,0.6744],[37.8321,0.6798],[37.8446,0.6896],[37.8424,0.7035],[37.8464,0.7115],[37.875,0.7303],[37.8724,0.7357],[37.8768,0.7442],[37.8885,0.7388],[37.9023,0.7209],[37.9126,0.712],[37.9363,0.7303],[37.9404,0.7388],[37.9583,0.7513],[37.9717,0.7545],[37.9721,0.7598],[37.9882,0.7773],[38.0097,0.7925],[38.0075,0.8001],[38.016,0.8023],[38.0155,0.797],[38.024,0.797],[38.0303,0.7907],[38.0468,0.7844],[38.05,0.7786],[38.0809,0.7814],[38.0475,0.805],[38.0308,1.0851],[37.9482,1.1943],[37.9453,1.2629]]]},"properties":{"COUNTY":"Samburu","Shape_Area":1.71301446473,"Shape_Leng":8.31101343379,"AREA_KM2":21228}},
{"type":"Feature","geometry":{"type":"Polygon","coordinates":[[[37.9453,1.2629],[37.9482,1.1943],[38.0308,1.0851],[38.0475,0.805],[38.0809,0.7814],[38.05,0.7786],[38.0468,0.7844],[38.0303,0.7907],[38.024,0.797],[38.0155,0.797],[38.016,0.8023],[38.0075,0.8001],[38.0097,0.7925],[37.9882,0.7773],[37.9721,0.7598],[37.9717,0.7545],[37.9583,0.7513],[37.9404,0.7388],[37.9363,0.7303],[37.9126,0.712],[37.9023,0.7209],[37.8885,0.7388],[37.8768,0.7442],[37.8724,0.7357],[37.875,0.7303],[37.8464,0.7115],[37.8424,0.7035],[37.8446,0.6896],[37.8321,0.6798],[37.8111,0.6744],[37.8035,0.6757],[37.7896,0.6722],[37.7739,0.678],[37.7578,0.6726],[37.7467,0.6762],[37.7341,0.6623],[37.7238,0.6547],[37.714,0.6601],[37.7091,0.6672],[37.6907,0.6631],[37.683,0.6514],[37.6812,0.6426],[37.6739,0.6414],[37.666,0.6332],[37.6504,0.6322],[37.6434,0.6221],[37.6383,0.6211],[37.6415,0.6122],[37.6351,0.5997],[37.6181,0.5998],[37.6073,0.5922],[37.5825,0.5874],[37.5832,0.5746],[37.5574,0.571],[37.5471,0.5779],[37.5327,0.5654],[37.5211,0.5704],[37.5082,0.5694],[37.5024,0.5756],[37.4923,0.5762],[37.4924,0.5883],[37.4761,0.5887],[37.4703,0.5933],[37.4624,0.5864],[37.447,0.5804],[37.4291,0.5831],[37.3897,0.5769],[37.3731,0.5879],[37.3645,0.5874],[37.3625,0.5999],[37.3538,0.6013],[37.3526,0.6223],[37.3433,0.6381],[37.3417,0.6467],[37.3331,0.649],[37.327,0.6597],[37.3263,0.6684],[37.3137,0.6864],[37.3052,0.7032],[37.3008,0.7197],[37.2887,0.7369],[37.2731,0.7458],[37.2703,0.7523],[37.2574,0.7636],[37.248,0.7634],[37.2199,0.7394],[37.2062,0.7415],[37.2005,0.7464],[37.1699,0.7427],[37.1628,0.7507],[37.1538,0.7524],[37.1524,0.7595],[37.1366,0.7595],[37.1288,0.7661],[37.1244,0.7781],[37.1181,0.7831],[37.1113,0.7805],[37.1038,0.7875],[37.0933,0.7829],[37.0732,0.7796],[37.0707,0.7669],[37.0587,0.7724],[37.042,0.7643],[37.0031,0.7502],[36.9956,0.7507],[36.9806,0.7445],[36.9736,0.7468],[36.9663,0.7421],[36.9486,0.7439],[36.9346,0.7542],[36.9316,0.7434],[36.9273,0.7289],[36.9257,0.6871],[36.9271,0.6766],[36.9219,0.661],[36.9142,0.662],[36.9082,0.6436],[36.9096,0.6327],[36.8989,0.6314],[36.8901,0.6228],[36.8883,0.6104],[36.8845,0.613],[36.8656,0.592],[36.8681,0.5846],[36.8644,0.5658],[37.0719,0.5443],[37.2584,0.5248],[37.369,0.5116],[37.3611,0.5035],[37.3609,0.4865],[37.3569,0.4655],[37.3489,0.4558],[37.3483,0.4402],[37.3537,0.4118],[37.3622,0.4076],[37.3687,0.3957],[37.3696,0.3833],[37.3793,0.3769],[37.3769,0.3678],[37.3831,0.3564],[37.3903,0.3549],[37.3928,0.3336],[37.3913,0.3128],[37.3951,0.2988],[37.394,0.2894],[37.3884,0.286],[37.3858,0.2744],[37.3995,0.284],[37.3995,0.2962],[37.4278,0.2978],[37.4642,0.283],[37.5371,0.264],[37.5485,0.2844],[37.5501,0.3067],[37.5475,0.3107],[37.5555,0.3278],[37.5808,0.3275],[37.5922,0.3401],[37.6032,0.3607],[37.5988,0.4015],[37.5856,0.4017],[37.5814,0.42],[37.5816,0.463],[37.5866,0.4686],[37.5865,0.4812],[37.826,0.5618],[38.0613,0.6674],[38.0627,0.6655],[38.0946,0.5631],[38.1765,0.3301],[38.1959,0.3225],[38.1965,0.2287],[38.2221,0.2162],[38.2285,0.2166],[38.238,0.2073],[38.2543,0.1996],[38.2624,0.1925],[38.264,0.185],[38.2836,0.1738],[38.2978,0.1611],[38.307,0.1314],[38.3085,0.1131],[38.3185,0.109],[38.3217,0.1006],[38.3293,0.0974],[38.3254,0.0771],[38.341,0.0692],[38.3419,0.062],[38.3487,0.0632],[38.3454,0.0454],[38.3576,0.04],[38.3554,0.0279],[38.3666,0.0165],[38.3795,-0.0011],[38.3951,-0.0078],[38.4023,-0.0172],[38.4066,-0.0409],[38.4134,-0.0515],[38.4115,-0.0623],[38.4207,-0.0693],[38.4342,-0.0748],[38.4382,-0.0702],[38.454,-0.0842],[38.464,-0.0832],[38.4811,-0.0755],[38.4909,-0.0587],[38.5008,-0.0618],[38.5125,-0.059],[38.5199,-0.0627],[38.5318,-0.0539],[38.5312,-0.042],[38.5419,-0.0406],[38.5428,-0.0308],[38.5502,-0.0174],[38.5699,-0.0174],[38.5893,-0.0247],[38.6041,-0.0327],[38.6156,-0.0302],[38.6384,-0.0515],[38.6498,-0.0518],[38.657,-0.0451],[38.6788,-0.0532],[38.6857,-0.0525],[38.6913,-0.0399],[38.6984,-0.0491],[38.7172,-0.0609],[38.7292,-0.0628],[38.7401,-0.0694],[38.7594,-0.0721],[38.7687,-0.0687],[38.7614,-0.0636],[38.7667,-0.055],[38.7534,-0.0472],[38.7551,-0.0382],[38.7497,-0.018],[38.7441,-0.011],[38.7391,0.0062],[38.7401,0.0146],[38.7311,0.051],[38.7292,0.0838],[38.7323,0.0953],[38.7314,0.1214],[38.7376,0.1503],[38.7541,0.169],[38.7568,0.184],[38.7493,0.2176],[38.7322,0.2806],[38.6952,0.423],[38.6881,0.4544],[38.6803,0.4715],[38.6766,0.4936],[38.6617,0.5091],[38.6802,0.5076],[38.6918,0.5101],[38.7034,0.5061],[38.7098,0.5128],[38.7214,0.5105],[38.7244,0.5245],[38.736,0.5181],[38.7482,0.5238],[38.7553,0.5154],[38.7669,0.5114],[38.7857,0.5268],[38.7929,0.5402],[38.799,0.5419],[38.8078,0.5519],[38.8159,0.5694],[38.8245,0.579],[38.8598,0.5993],[38.8712,0.5998],[38.8747,0.5946],[38.9023,0.5963],[38.9263,0.6067],[38.9352,0.6253],[38.9398,0.6284],[38.9781,0.6213],[38.986,0.6261],[39.0097,0.6244],[39.0128,0.6394],[39.0201,0.6408],[39.0255,0.6632],[39.0334,0.6648],[39.0484,0.6833],[39.0572,0.6858],[39.0715,0.6785],[39.0839,0.6753],[39.0973,0.6804],[39.1005,0.6889],[39.1214,0.6907],[39.1313,0.688],[39.1423,0.6925],[39.1476,0.7063],[39.1733,0.7194],[39.1772,0.7463],[39.1953,0.7833],[39.2037,0.7962],[39.2131,0.8044],[39.2285,0.8267],[39.2351,0.8434],[39.2512,0.8625],[39.2659,0.8752],[39.3129,0.925],[39.3355,0.9377],[39.3603,0.9544],[39.3947,0.9684],[39.4352,0.9837],[39.4548,0.9895],[39.4607,0.9947],[39.4608,1.0003],[39.3978,1.1463],[39.3424,1.2895],[39.2743,1.4678],[39.3587,1.4973],[39.4472,1.5272],[39.4385,1.5295],[39.4149,1.5509],[39.3989,1.5542],[39.3948,1.5652],[39.3897,1.5642],[39.3867,1.5734],[39.3791,1.5786],[39.358,1.6101],[39.3484,1.618],[39.3453,1.626],[39.3286,1.6339],[39.319,1.6443],[39.3134,1.6432],[39.3083,1.6545],[39.3024,1.6538],[39.2869,1.6625],[39.2854,1.6675],[39.2733,1.6741],[39.2659,1.6736],[39.2591,1.68],[39.2319,1.6938],[39.2138,1.6974],[39.1983,1.7219],[39.1803,1.7534],[39.1797,1.762],[39.1701,1.7911],[39.1621,1.8054],[39.154,1.8131],[39.144,1.8304],[39.1458,1.8366],[39.1311,1.8662],[39.1227,1.8739],[39.1121,1.8779],[39.102,1.89],[39.0968,1.8891],[39.0838,1.8991],[39.0673,1.9167],[39.0633,1.9282],[39.0556,1.9319],[39.0489,1.9449],[39.0385,1.9583],[39.0351,1.9671],[39.0197,1.9774],[39.0038,2.0005],[38.9956,2.0078],[38.9896,2.0272],[38.9918,2.0441],[38.9843,2.0533],[38.9853,2.0696],[38.9626,2.0974],[38.3832,1.7613],[38.3397,1.5774],[37.9453,1.2629]]]},"properties":{"COUNTY":"Isiolo","Shape_Area":2.05982040515,"Shape_Leng":10.181410715,"AREA_KM2":25526}},
{"type":"Feature","geometry":{"type":"Polygon","coordinates":[[[35.7919,1.6636],[35.7774,1.6471],[35.7761,1.6368],[35.7797,1.6301],[35.7909,1.6257],[35.7853,1.5916],[35.7827,1.5598],[35.7753,1.5509],[35.775,1.5431],[35.768,1.5328],[35.7671,1.5229],[35.762,1.5188],[35.7589,1.5073],[35.7375,1.4967],[35.7283,1.4869],[35.7289,1.4811],[35.7196,1.4733],[35.7226,1.4585],[35.7062,1.4391],[35.7063,1.4153],[35.7101,1.4136],[35.7013,1.3987],[35.7001,1.3822],[35.6926,1.3729],[35.687,1.3468],[35.6943,1.3392],[35.6991,1.3274],[35.696,1.319],[35.6973,1.3034],[35.6939,1.2881],[35.6964,1.2785],[35.7061,1.2718],[35.6997,1.2593],[35.7016,1.2406],[35.6983,1.239],[35.7031,1.2266],[35.6968,1.2155],[35.6974,1.2005],[35.702,1.1996],[35.7045,1.1674],[35.7029,1.1529],[35.7048,1.1347],[35.697,1.1149],[35.6975,1.1043],[35.6831,1.0957],[35.6715,1.0743],[35.6745,1.06],[35.6644,1.0359],[35.6477,1.0295],[35.6425,1.0244],[35.6429,1.0155],[35.6334,0.9938],[35.6395,0.9805],[35.6356,0.9785],[35.6364,0.9599],[35.6306,0.9543],[35.6316,0.9381],[35.6355,0.9306],[35.6346,0.9134],[35.6258,0.9078],[35.6276,0.8938],[35.6223,0.8863],[35.626,0.8809],[35.623,0.8692],[35.6255,0.8549],[35.6355,0.8495],[35.643,0.8401],[35.6385,0.8352],[35.6419,0.8165],[35.6342,0.8106],[35.6338,0.7753],[35.6258,0.7554],[35.6257,0.7462],[35.6201,0.7396],[35.6227,0.7296],[35.6307,0.7222],[35.6339,0.7011],[35.6248,0.6794],[35.6059,0.6745],[35.6042,0.6705],[35.6091,0.6459],[35.5968,0.6259],[35.5977,0.6047],[35.6127,0.5925],[35.6121,0.5741],[35.602,0.5567],[35.6049,0.5427],[35.6022,0.535],[35.6135,0.5195],[35.6129,0.5111],[35.6243,0.5032],[35.6303,0.5033],[35.6314,0.4828],[35.646,0.4603],[35.6451,0.4507],[35.651,0.4469],[35.6525,0.4267],[35.6602,0.4104],[35.6541,0.3981],[35.6596,0.3862],[35.6657,0.3867],[35.668,0.3785],[35.695,0.3639],[35.7056,0.3642],[35.7097,0.3566],[35.7187,0.3553],[35.7208,0.3402],[35.7161,0.3226],[35.7102,0.311],[35.7141,0.3023],[35.7124,0.278],[35.7084,0.2685],[35.7083,0.2565],[35.7195,0.2346],[35.7206,0.212],[35.7047,0.2029],[35.6913,0.1896],[35.6947,0.17],[35.5874,0.1695],[35.5896,0.1491],[35.5739,0.1139],[35.5727,0.0673],[35.5407,0.0899],[35.5398,0.0791],[35.5446,0.0727],[35.5389,0.0642],[35.5412,0.0476],[35.5264,0.0468],[35.5228,0.0154],[35.5434,-0.0085],[35.5825,-0.0078],[35.6102,-0.0325],[35.6322,-0.0361],[35.6384,-0.0503],[35.6346,-0.0542],[35.6402,-0.061],[35.6493,-0.0811],[35.6683,-0.0738],[35.6887,-0.076],[35.6878,-0.096],[35.6923,-0.1096],[35.7057,-0.1228],[35.7289,-0.1602],[35.7222,-0.1721],[35.7219,-0.1925],[35.7247,-0.2124],[35.7332,-0.22],[35.744,-0.2192],[35.7546,-0.2263],[35.7632,-0.2249],[35.7801,-0.1948],[35.7719,-0.1923],[35.7897,-0.1621],[35.7892,-0.1116],[35.7962,-0.1097],[35.8058,-0.1001],[35.8166,-0.1175],[35.8205,-0.1195],[35.8504,-0.0758],[35.8755,-0.036],[35.893,-0.0515],[35.8991,-0.048],[35.9164,-0.0819],[35.9268,-0.0772],[35.9258,-0.0723],[35.9477,-0.0508],[35.959,-0.0265],[35.9708,-0.0092],[35.9712,0.0003],[35.9765,0.0134],[35.9682,0.0247],[35.9281,0.0698],[35.9389,0.0955],[35.9587,0.0885],[35.9638,0.0779],[35.9637,0.0572],[35.9961,0.0599],[36.0053,0.0313],[36.0339,0.0213],[36.0395,0.0211],[36.0504,0.0046],[36.0926,-0.0137],[36.1112,0.0061],[36.1043,0.0614],[36.1264,0.0594],[36.1338,0.1119],[36.1392,0.1296],[36.1471,0.1857],[36.1967,0.1993],[36.1946,0.2164],[36.1836,0.2199],[36.1775,0.2284],[36.2019,0.2347],[36.215,0.2522],[36.2104,0.2648],[36.1975,0.2856],[36.1933,0.3006],[36.1838,0.3144],[36.2294,0.4266],[36.294,0.5653],[36.2882,0.58],[36.2757,0.6317],[36.2886,0.6446],[36.3446,0.6593],[36.4045,0.7172],[36.4686,0.8275],[36.4733,0.8385],[36.4887,0.8468],[36.4534,0.8728],[36.4442,0.8733],[36.4296,0.8839],[36.4169,0.9025],[36.4024,0.9005],[36.3949,0.9057],[36.3921,0.9188],[36.3857,0.9282],[36.3891,0.9407],[36.3822,0.9543],[36.3668,0.9559],[36.3628,0.9632],[36.3499,0.9663],[36.3451,0.9865],[36.3404,0.9931],[36.3169,0.9913],[36.174,1.1709],[36.0966,1.1694],[35.7919,1.6636]]]},"properties":{"COUNTY":"Baringo","Shape_Area":0.87717730172,"Shape_Leng":5.96426557677,"AREA_KM2":10870}},
{"type":"Feature","geometry":{"type":"Polygon","coordinates":[[[35.5874,0.1695],[35.6947,0.17],[35.6913,0.1896],[35.7047,0.2029],[35.7206,0.212],[35.7195,0.2346],[35.7083,0.2565],[35.7084,0.2685],[35.7124,0.278],[35.7141,0.3023],[35.7102,0.311],[35.7161,0.3226],[35.7208,0.3402],[35.7187,0.3553],[35.7097,0.3566],[35.7056,0.3642],[35.695,0.3639],[35.668,0.3785],[35.6657,0.3867],[35.6596,0.3862],[35.6541,0.3981],[35.6602,0.4104],[35.6525,0.4267],[35.651,0.4469],[35.6451,0.4507],[35.646,0.4603],[35.6314,0.4828],[35.6303,0.5033],[35.6243,0.5032],[35.6129,0.5111],[35.6135,0.5195],[35.6022,0.535],[35.6049,0.5427],[35.602,0.5567],[35.6121,0.5741],[35.6127,0.5925],[35.5977,0.6047],[35.5968,0.6259],[35.6091,0.6459],[35.6042,0.6705],[35.6059,0.6745],[35.6248,0.6794],[35.6339,0.7011],[35.6307,0.7222],[35.6227,0.7296],[35.6201,0.7396],[35.6257,0.7462],[35.6258,0.7554],[35.6338,0.7753],[35.6342,0.8106],[35.6419,0.8165],[35.6385,0.8352],[35.643,0.8401],[35.6355,0.8495],[35.6255,0.8549],[35.623,0.8692],[35.626,0.8809],[35.6223,0.8863],[35.6276,0.8938],[35.6258,0.9078],[35.6346,0.9134],[35.6355,0.9306],[35.6316,0.9381],[35.6306,0.9543],[35.6364,0.9599],[35.6356,0.9785],[35.6395,0.9805],[35.6334,0.9938],[35.6429,1.0155],[35.6425,1.0244],[35.6477,1.0295],[35.6644,1.0359],[35.6745,1.06],[35.6715,1.0743],[35.6831,1.0957],[35.6975,1.1043],[35.697,1.1149],[35.7048,1.1347],[35.7029,1.1529],[35.7045,1.1674],[35.702,1.1996],[35.6974,1.2005],[35.6968,1.2155],[35.7031,1.2266],[35.6983,1.239],[35.7016,1.2406],[35.6997,1.2593],[35.7061,1.2718],[35.6964,1.2785],[35.6939,1.2881],[35.6973,1.3034],[35.696,1.319],[35.6754,1.316],[35.6392,1.3032],[35.6151,1.2875],[35.6113,1.281],[35.6026,1.2793],[35.5853,1.2832],[35.5779,1.2912],[35.5665,1.2904],[35.5575,1.285],[35.5439,1.2851],[35.3556,1.132],[35.3245,1.1164],[35.1521,1.1994],[35.1602,1.1805],[35.1817,1.151],[35.2024,1.1174],[35.2188,1.1161],[35.2425,1.0745],[35.2751,1.0605],[35.3164,1.0333],[35.3594,1.0184],[35.3589,1.0086],[35.3416,1.0059],[35.3513,0.9788],[35.3386,0.9729],[35.3434,0.9464],[35.3596,0.9444],[35.378,0.9353],[35.385,0.9436],[35.4183,0.9375],[35.4128,0.9157],[35.4138,0.9072],[35.4678,0.8997],[35.4551,0.8749],[35.487,0.8758],[35.4912,0.8533],[35.4886,0.8395],[35.4805,0.8196],[35.4973,0.8182],[35.5009,0.7706],[35.492,0.7266],[35.5034,0.7094],[35.5025,0.7027],[35.4085,0.7038],[35.4117,0.6953],[35.4798,0.589],[35.4634,0.5058],[35.4606,0.4499],[35.4635,0.427],[35.4789,0.4094],[35.4815,0.3876],[35.4703,0.3772],[35.4681,0.3711],[35.4794,0.3601],[35.4829,0.3498],[35.4958,0.3428],[35.4944,0.3131],[35.4999,0.3061],[35.4977,0.295],[35.4994,0.2775],[35.4911,0.2637],[35.4946,0.2582],[35.4853,0.2509],[35.4969,0.2315],[35.5051,0.2249],[35.5273,0.2311],[35.5395,0.2243],[35.5305,0.2167],[35.5117,0.1888],[35.5552,0.1894],[35.5665,0.197],[35.5671,0.187],[35.5753,0.1844],[35.5874,0.1695]]]},"properties":{"COUNTY":"Keiyo-Marakwet","Shape_Area":0.2452075625,"Shape_Leng":4.06352699188,"AREA_KM2":3039}},
{"type":"Feature","geometry":{"type":"Polygon","coordinates":[[[34.8223,1.2626],[34.8183,1.2478],[34.8059,1.2293],[34.7939,1.2194],[34.7743,1.2206],[34.7683,1.2165],[34.745,1.2204],[34.6981,1.2132],[34.6712,1.208],[34.6654,1.1941],[34.6572,1.1849],[34.6384,1.172],[34.6212,1.1672],[34.6122,1.1592],[34.5808,1.1503],[34.6126,1.1097],[34.6323,1.0946],[34.6532,1.085],[34.6639,1.0838],[34.6535,1.0584],[34.6596,1.0527],[34.6911,1.0042],[34.6937,0.9978],[34.7386,0.9373],[34.7678,0.9203],[34.7849,0.9231],[34.798,0.91],[34.7992,0.9037],[34.7856,0.889],[34.7956,0.8655],[34.7977,0.8502],[34.8039,0.8443],[34.811,0.8208],[34.8083,0.8043],[34.8689,0.8256],[34.9121,0.8459],[34.9273,0.8544],[34.9321,0.8525],[34.9416,0.8699],[34.9584,0.8721],[34.9647,0.8793],[34.9855,0.8865],[34.985,0.8816],[35.0177,0.8875],[35.0247,0.8948],[35.0302,0.8924],[35.039,0.9006],[35.0519,0.9005],[35.0629,0.8959],[35.0728,0.8972],[35.0808,0.8919],[35.0857,0.8797],[35.1019,0.8731],[35.112,0.8798],[35.1162,0.8851],[35.112,0.8922],[35.1153,0.9052],[35.1256,0.9113],[35.1269,0.9177],[35.1408,0.9189],[35.1545,0.9166],[35.1647,0.9217],[35.1716,0.9193],[35.1854,0.9235],[35.2215,0.9186],[35.2279,0.9202],[35.236,0.9306],[35.2512,0.9399],[35.2688,0.9341],[35.2774,0.9207],[35.2929,0.9135],[35.2988,0.8984],[35.3051,0.8903],[35.3294,0.9316],[35.3489,0.9198],[35.3596,0.9444],[35.3434,0.9464],[35.3386,0.9729],[35.3513,0.9788],[35.3416,1.0059],[35.3589,1.0086],[35.3594,1.0184],[35.3164,1.0333],[35.2751,1.0605],[35.2425,1.0745],[35.2188,1.1161],[35.2024,1.1174],[35.1817,1.151],[35.1602,1.1805],[35.1521,1.1994],[35.1242,1.1838],[35.117,1.188],[35.087,1.1833],[35.0831,1.1692],[35.0749,1.1763],[35.0614,1.18],[35.0416,1.1946],[35.0353,1.2038],[35.0444,1.2154],[35.0239,1.2342],[35.0121,1.2542],[34.9931,1.2576],[34.972,1.2462],[34.9419,1.2508],[34.9061,1.2521],[34.9107,1.2842],[34.8223,1.2626]]]},"properties":{"COUNTY":"Trans Nzoia","Shape_Area":0.20198288937,"Shape_Leng":2.38726517511,"AREA_KM2":2503}},
{"type":"Feature","geometry":{"type":"Polygon","coordinates":[[[34.5808,1.1503],[34.5775,1.1001],[34.5277,1.1216],[34.5283,1.1088],[34.5152,1.0823],[34.5035,1.0698],[34.4924,1.0388],[34.4886,1.0179],[34.4866,0.9934],[34.4881,0.9837],[34.4799,0.9523],[34.4782,0.9372],[34.4645,0.9132],[34.4504,0.9016],[34.4511,0.8904],[34.4464,0.8784],[34.4455,0.8636],[34.4411,0.8585],[34.4233,0.8529],[34.4143,0.836],[34.406,0.8293],[34.4112,0.8224],[34.4112,0.811],[34.396,0.8039],[34.3848,0.8043],[34.3817,0.7947],[34.3752,0.7968],[34.3703,0.785],[34.3605,0.7784],[34.367,0.7734],[34.3823,0.7741],[34.3937,0.7594],[34.406,0.7571],[34.4115,0.7673],[34.4241,0.7671],[34.4245,0.7597],[34.433,0.7443],[34.4315,0.7264],[34.4225,0.7316],[34.4032,0.7289],[34.4157,0.69],[34.4093,0.6813],[34.4171,0.6596],[34.3831,0.6439],[34.3837,0.6334],[34.3793,0.6252],[34.3789,0.613],[34.3707,0.6077],[34.3701,0.5902],[34.377,0.5788],[34.3683,0.5618],[34.3839,0.5418],[34.389,0.5399],[34.4086,0.5046],[34.4007,0.4995],[34.39,0.4992],[34.3852,0.4907],[34.3921,0.4679],[34.4045,0.4752],[34.4202,0.4748],[34.4341,0.4641],[34.4596,0.4689],[34.4702,0.4792],[34.4834,0.4842],[34.4916,0.4737],[34.4951,0.4604],[34.5147,0.4496],[34.5323,0.4428],[34.538,0.4611],[34.5513,0.4699],[34.5627,0.4578],[34.58,0.4537],[34.5814,0.4301],[34.59,0.4195],[34.5926,0.4318],[34.5916,0.4445],[34.6041,0.45],[34.6136,0.4426],[34.6181,0.4565],[34.6315,0.4595],[34.633,0.452],[34.6437,0.4503],[34.6673,0.4599],[34.6776,0.4709],[34.6754,0.4828],[34.6881,0.4844],[34.6962,0.5016],[34.7014,0.5066],[34.71,0.5039],[34.7175,0.51],[34.7213,0.507],[34.7341,0.5181],[34.7381,0.5314],[34.7478,0.5347],[34.7701,0.5635],[34.7829,0.5765],[34.7878,0.5756],[34.7964,0.5837],[34.8098,0.5859],[34.7996,0.5966],[34.8036,0.6058],[34.8314,0.6249],[34.8346,0.6359],[34.8322,0.6455],[34.8377,0.6492],[34.844,0.6681],[34.8572,0.6744],[34.857,0.6799],[34.8733,0.684],[34.8781,0.6818],[34.8918,0.6905],[34.8988,0.6854],[34.9094,0.6858],[34.9288,0.7089],[34.9218,0.7212],[34.9277,0.7393],[34.9399,0.74],[34.9488,0.7518],[34.9572,0.7477],[34.9614,0.7519],[34.9764,0.7554],[34.9855,0.753],[34.9995,0.7437],[35.0102,0.7528],[35.0194,0.7428],[35.0275,0.7441],[35.0313,0.7516],[35.043,0.7604],[35.0614,0.7619],[35.0653,0.7663],[35.066,0.7819],[35.0626,0.7944],[35.0516,0.8004],[35.0406,0.8175],[35.0302,0.8204],[35.0234,0.8301],[35.0258,0.8388],[35.0237,0.8507],[35.012,0.8618],[35.0177,0.8798],[35.0177,0.8875],[34.985,0.8816],[34.9855,0.8865],[34.9647,0.8793],[34.9584,0.8721],[34.9416,0.8699],[34.9321,0.8525],[34.9273,0.8544],[34.9121,0.8459],[34.8689,0.8256],[34.8083,0.8043],[34.811,0.8208],[34.8039,0.8443],[34.7977,0.8502],[34.7956,0.8655],[34.7856,0.889],[34.7992,0.9037],[34.798,0.91],[34.7849,0.9231],[34.7678,0.9203],[34.7386,0.9373],[34.6937,0.9978],[34.6911,1.0042],[34.6596,1.0527],[34.6535,1.0584],[34.6639,1.0838],[34.6532,1.085],[34.6323,1.0946],[34.6126,1.1097],[34.5808,1.1503]]]},"properties":{"COUNTY":"Bungoma","Shape_Area":0.24574126566,"Shape_Leng":3.0759439997,"AREA_KM2":3045}},
{"type":"Feature","geometry":{"type":"Polygon","coordinates":[[[39.4607,0.9947],[39.4548,0.9895],[39.4352,0.9837],[39.3947,0.9684],[39.3603,0.9544],[39.3355,0.9377],[39.3129,0.925],[39.2659,0.8752],[39.2512,0.8625],[39.2351,0.8434],[39.2285,0.8267],[39.2131,0.8044],[39.2037,0.7962],[39.1953,0.7833],[39.1772,0.7463],[39.1733,0.7194],[39.1476,0.7063],[39.1423,0.6925],[39.1313,0.688],[39.1214,0.6907],[39.1005,0.6889],[39.0973,0.6804],[39.0839,0.6753],[39.0715,0.6785],[39.0572,0.6858],[39.0484,0.6833],[39.0334,0.6648],[39.0255,0.6632],[39.0201,0.6408],[39.0128,0.6394],[39.0097,0.6244],[38.986,0.6261],[38.9781,0.6213],[38.9398,0.6284],[38.9352,0.6253],[38.9263,0.6067],[38.9023,0.5963],[38.8747,0.5946],[38.8712,0.5998],[38.8598,0.5993],[38.8245,0.579],[38.8159,0.5694],[38.8078,0.5519],[38.799,0.5419],[38.7929,0.5402],[38.7857,0.5268],[38.7669,0.5114],[38.7553,0.5154],[38.7482,0.5238],[38.736,0.5181],[38.7244,0.5245],[38.7214,0.5105],[38.7098,0.5128],[38.7034,0.5061],[38.6918,0.5101],[38.6802,0.5076],[38.6617,0.5091],[38.6766,0.4936],[38.6803,0.4715],[38.6881,0.4544],[38.6952,0.423],[38.7322,0.2806],[38.7493,0.2176],[38.7568,0.184],[38.7541,0.169],[38.7376,0.1503],[38.7314,0.1214],[38.7323,0.0953],[38.7292,0.0838],[38.7311,0.051],[38.7401,0.0146],[38.7391,0.0062],[38.7441,-0.011],[38.7497,-0.018],[38.7551,-0.0382],[38.7534,-0.0472],[38.7667,-0.055],[38.7614,-0.0636],[38.7687,-0.0687],[38.7884,-0.0794],[38.8106,-0.0842],[38.8288,-0.0922],[38.8456,-0.0942],[38.8604,-0.0917],[38.8832,-0.0963],[38.9007,-0.0954],[38.9221,-0.0871],[38.9324,-0.0989],[38.9398,-0.099],[38.9548,-0.086],[38.967,-0.0823],[38.97,-0.0612],[38.9846,-0.0601],[38.9995,-0.0495],[39.0085,-0.0548],[39.0165,-0.0444],[39.0232,-0.0428],[39.0326,-0.0522],[39.0493,-0.0526],[39.0668,-0.0473],[39.0741,-0.0648],[39.0872,-0.0796],[39.0979,-0.088],[39.1017,-0.0982],[39.1201,-0.1101],[39.121,-0.121],[39.1316,-0.1188],[39.1341,-0.1297],[39.1532,-0.1268],[39.1658,-0.1271],[39.1728,-0.1373],[39.1814,-0.1352],[39.2014,-0.1427],[39.2151,-0.132],[39.2277,-0.1306],[39.2269,-0.1379],[39.248,-0.1416],[39.2537,-0.1388],[39.2573,-0.1465],[39.2643,-0.1405],[39.2774,-0.1374],[39.2836,-0.1412],[39.2938,-0.1364],[39.3062,-0.1393],[39.3144,-0.1335],[39.3278,-0.1474],[39.3247,-0.1578],[39.3326,-0.1565],[39.338,-0.1669],[39.3543,-0.1612],[39.3536,-0.1677],[39.3641,-0.1641],[39.3841,-0.1905],[39.398,-0.1889],[39.4002,-0.1954],[39.4074,-0.1905],[39.4273,-0.1898],[39.4449,-0.2098],[39.4544,-0.2117],[39.4712,-0.2267],[39.4702,-0.2338],[39.4771,-0.2415],[39.4979,-0.2483],[39.51,-0.2773],[39.5176,-0.284],[39.5122,-0.2945],[39.5145,-0.2991],[39.5258,-0.2868],[39.5342,-0.294],[39.5401,-0.2901],[39.5477,-0.2954],[39.5539,-0.3167],[39.5628,-0.3292],[39.5847,-0.3405],[39.5947,-0.3565],[39.5981,-0.3674],[39.5932,-0.3769],[39.5978,-0.3797],[39.5981,-0.3943],[39.6035,-0.3968],[39.6038,-0.4098],[39.6133,-0.4088],[39.613,-0.428],[39.6103,-0.4373],[39.6349,-0.4567],[39.6291,-0.4698],[39.6306,-0.4899],[39.64,-0.4955],[39.6409,-0.5082],[39.6475,-0.5165],[39.6686,-0.5316],[39.6614,-0.5378],[39.663,-0.5482],[39.6735,-0.5483],[39.6734,-0.5549],[39.6868,-0.5523],[39.6856,-0.5744],[39.6927,-0.5785],[39.6932,-0.5858],[39.6998,-0.5818],[39.6969,-0.5916],[39.7309,-0.5936],[39.7365,-0.5878],[39.7389,-0.594],[39.7507,-0.6049],[39.7754,-0.6123],[39.7696,-0.6339],[39.7817,-0.6521],[39.7803,-0.6627],[39.789,-0.6604],[39.7922,-0.6727],[39.8,-0.6717],[39.7959,-0.6788],[39.7976,-0.6903],[39.805,-0.7046],[39.8101,-0.7039],[39.8112,-0.7288],[39.8053,-0.727],[39.8085,-0.7367],[39.8212,-0.739],[39.8217,-0.746],[39.8153,-0.7488],[39.8168,-0.7557],[39.8085,-0.7596],[39.8155,-0.7651],[39.8087,-0.7712],[39.8275,-0.7812],[39.8243,-0.7915],[39.8346,-0.796],[39.8258,-0.7998],[39.8268,-0.8047],[39.8382,-0.8021],[39.8422,-0.8061],[39.8367,-0.8133],[39.8448,-0.8185],[39.8448,-0.8402],[39.8377,-0.8361],[39.8447,-0.8535],[39.8487,-0.8429],[39.8587,-0.8485],[39.8568,-0.8606],[39.8512,-0.8711],[39.8587,-0.877],[39.8586,-0.884],[39.8509,-0.8854],[39.8522,-0.8956],[39.8646,-0.9173],[39.8607,-0.9261],[39.8715,-0.9275],[39.8785,-0.9367],[39.8708,-0.9438],[39.8699,-0.9592],[39.8822,-0.9514],[39.8785,-0.9596],[39.8803,-0.9693],[39.8921,-0.9714],[39.8855,-0.9793],[39.8915,-0.9907],[39.8857,-0.9951],[39.8895,-1.0057],[39.8985,-1.0068],[39.8962,-1.015],[39.899,-1.0281],[39.9127,-1.0425],[39.9083,-1.0513],[39.9161,-1.0566],[39.9136,-1.0648],[39.9208,-1.0787],[39.9259,-1.0777],[39.9295,-1.1052],[39.9324,-1.1109],[39.9324,-1.1291],[39.9438,-1.1311],[39.9462,-1.14],[39.9535,-1.1423],[39.9608,-1.1531],[39.9623,-1.1662],[39.9727,-1.1863],[39.981,-1.1932],[39.9809,-1.2037],[39.9893,-1.2025],[39.9911,-1.2128],[40.0004,-1.2152],[39.996,-1.2283],[39.9967,-1.2395],[40.0084,-1.242],[40.0013,-1.2547],[40.0087,-1.2572],[40.0118,-1.2647],[40.0047,-1.2699],[40.0057,-1.2803],[39.9993,-1.2844],[40.0036,-1.295],[39.9974,-1.2985],[40.0038,-1.3227],[40.0106,-1.3278],[40.001,-1.3481],[40.0023,-1.3614],[40.0094,-1.3603],[40.0146,-1.3763],[40.0125,-1.3816],[40.022,-1.401],[40.0245,-1.4221],[40.0312,-1.4243],[40.0343,-1.4326],[40.032,-1.4627],[40.0378,-1.4819],[40.0314,-1.4823],[40.0388,-1.4908],[40.0709,-1.4709],[40.0873,-1.4743],[40.0893,-1.4817],[40.1051,-1.5079],[40.1066,-1.5217],[40.1149,-1.5529],[40.1261,-1.5702],[40.1433,-1.5864],[40.154,-1.6078],[40.1592,-1.6342],[40.1601,-1.6536],[40.1578,-1.6941],[40.1593,-1.7018],[40.1708,-1.7239],[40.1691,-1.7355],[40.1579,-1.7617],[40.1589,-1.783],[40.1622,-1.8],[40.163,-1.8234],[40.1655,-1.831],[40.1763,-1.8435],[40.1875,-1.8629],[40.1887,-1.877],[40.1865,-1.8942],[40.1893,-1.9315],[40.186,-1.9598],[40.1976,-1.9838],[40.1964,-1.9978],[40.2046,-2.0153],[40.2079,-2.0329],[40.9029,-1.7145],[41.562,-1.6587],[41.562,-1.6586],[41.5621,-1.6584],[41.5622,-1.5975],[40.9924,-0.8291],[40.991,-0.002],[40.9913,0.196],[40.9913,0.3441],[40.9918,0.4644],[40.9774,0.4529],[40.9612,0.4476],[40.9456,0.4369],[40.9202,0.425],[40.886,0.3924],[40.8599,0.3775],[40.8433,0.3709],[40.8193,0.3663],[40.7745,0.3546],[40.7551,0.3459],[40.7373,0.3273],[40.7186,0.3217],[40.709,0.3101],[40.7044,0.296],[40.6945,0.2781],[40.683,0.2698],[40.6829,0.26],[40.6719,0.2498],[40.6484,0.2326],[40.6195,0.2314],[40.6121,0.2328],[40.6039,0.2252],[40.5969,0.2265],[40.5873,0.2158],[40.5617,0.2167],[40.5407,0.2268],[40.5309,0.2255],[40.514,0.2082],[40.5092,0.1951],[40.5042,0.1923],[40.4966,0.198],[40.4817,0.1882],[40.4554,0.1857],[40.4297,0.1902],[40.3999,0.1843],[40.3832,0.1938],[40.366,0.1982],[40.3299,0.2],[40.3071,0.2156],[40.2826,0.228],[40.2589,0.2373],[40.2428,0.2464],[40.2237,0.2601],[40.2111,0.272],[40.1781,0.3099],[40.1633,0.3239],[40.1282,0.3426],[40.1012,0.3633],[40.0596,0.3926],[40.0484,0.3963],[40.013,0.3989],[39.9912,0.4048],[39.9699,0.4141],[39.9439,0.4297],[39.9025,0.4625],[39.89,0.463],[39.8761,0.4582],[39.8569,0.469],[39.8526,0.4759],[39.8356,0.48],[39.8274,0.4779],[39.8207,0.4821],[39.7992,0.483],[39.7837,0.4905],[39.767,0.5041],[39.7627,0.5115],[39.7321,0.527],[39.7243,0.5436],[39.6994,0.5691],[39.6983,0.5731],[39.6766,0.5977],[39.6544,0.6326],[39.6467,0.657],[39.6354,0.6676],[39.6285,0.6698],[39.6248,0.6773],[39.615,0.6841],[39.6007,0.7033],[39.597,0.7133],[39.5885,0.719],[39.5753,0.7422],[39.5689,0.7486],[39.5528,0.787],[39.5457,0.8157],[39.5279,0.8685],[39.5145,0.9002],[39.4979,0.9339],[39.4915,0.964],[39.4804,0.9794],[39.4662,0.9873],[39.4607,0.9947]]]},"properties":{"COUNTY":"Garissa","Shape_Area":3.64182272198,"Shape_Leng":11.2811263395,"AREA_KM2":45130}},
{"type":"Feature","geometry":{"type":"Polygon","coordinates":[[[35.3596,0.9444],[35.3489,0.9198],[35.3294,0.9316],[35.3051,0.8903],[35.2988,0.8984],[35.2929,0.9135],[35.2774,0.9207],[35.2688,0.9341],[35.2512,0.9399],[35.236,0.9306],[35.2279,0.9202],[35.2215,0.9186],[35.1854,0.9235],[35.1716,0.9193],[35.1647,0.9217],[35.1545,0.9166],[35.1408,0.9189],[35.1269,0.9177],[35.1256,0.9113],[35.1153,0.9052],[35.112,0.8922],[35.1162,0.8851],[35.112,0.8798],[35.1114,0.8546],[35.124,0.8195],[35.131,0.8293],[35.1454,0.8265],[35.1484,0.753],[35.1469,0.7394],[35.1539,0.7397],[35.1517,0.6951],[35.1529,0.6738],[35.1498,0.659],[35.1412,0.6608],[35.1323,0.6543],[35.1169,0.649],[35.1121,0.6407],[35.1032,0.6469],[35.0852,0.6295],[35.0702,0.6286],[35.0622,0.6327],[35.0527,0.63],[35.0535,0.637],[35.0372,0.6415],[35.0388,0.6308],[35.027,0.6138],[34.9978,0.6359],[34.9943,0.6298],[34.9802,0.6266],[34.9645,0.6095],[34.944,0.6069],[34.9165,0.5908],[34.896,0.5992],[34.8503,0.5457],[35.0444,0.5615],[35.0717,0.5511],[35.0987,0.5391],[35.1054,0.5546],[35.1152,0.5452],[35.1261,0.5441],[35.1393,0.5347],[35.1558,0.5382],[35.1652,0.5462],[35.1598,0.5042],[35.1392,0.4717],[35.171,0.4215],[35.1755,0.4192],[35.1932,0.3776],[35.2234,0.3275],[35.3032,0.2113],[35.34,0.1938],[35.3403,0.1681],[35.3359,0.1605],[35.3359,0.1431],[35.3708,0.1272],[35.3807,0.1142],[35.386,0.1019],[35.3963,0.109],[35.4038,0.1053],[35.4348,0.0255],[35.4652,0.0273],[35.4706,0.0199],[35.4579,0.015],[35.4591,0.0106],[35.4787,0.0154],[35.4937,0.0147],[35.5003,0.01],[35.5136,0.0085],[35.516,0.0159],[35.5228,0.0154],[35.5264,0.0468],[35.5412,0.0476],[35.5389,0.0642],[35.5446,0.0727],[35.5398,0.0791],[35.5407,0.0899],[35.5727,0.0673],[35.5739,0.1139],[35.5896,0.1491],[35.5874,0.1695],[35.5753,0.1844],[35.5671,0.187],[35.5665,0.197],[35.5552,0.1894],[35.5117,0.1888],[35.5305,0.2167],[35.5395,0.2243],[35.5273,0.2311],[35.5051,0.2249],[35.4969,0.2315],[35.4853,0.2509],[35.4946,0.2582],[35.4911,0.2637],[35.4994,0.2775],[35.4977,0.295],[35.4999,0.3061],[35.4944,0.3131],[35.4958,0.3428],[35.4829,0.3498],[35.4794,0.3601],[35.4681,0.3711],[35.4703,0.3772],[35.4815,0.3876],[35.4789,0.4094],[35.4635,0.427],[35.4606,0.4499],[35.4634,0.5058],[35.4798,0.589],[35.4117,0.6953],[35.4085,0.7038],[35.5025,0.7027],[35.5034,0.7094],[35.492,0.7266],[35.5009,0.7706],[35.4973,0.8182],[35.4805,0.8196],[35.4886,0.8395],[35.4912,0.8533],[35.487,0.8758],[35.4551,0.8749],[35.4678,0.8997],[35.4138,0.9072],[35.4128,0.9157],[35.4183,0.9375],[35.385,0.9436],[35.378,0.9353],[35.3596,0.9444]]]},"properties":{"COUNTY":"Uasin Gishu","Shape_Area":0.27189420031,"Shape_Leng":3.71792249465,"AREA_KM2":3369}},
{"type":"Feature","geometry":{"type":"Polygon","coordinates":[[[35.0177,0.8875],[35.0177,0.8798],[35.012,0.8618],[35.0237,0.8507],[35.0258,0.8388],[35.0234,0.8301],[35.0302,0.8204],[35.0406,0.8175],[35.0516,0.8004],[35.0626,0.7944],[35.066,0.7819],[35.0653,0.7663],[35.0614,0.7619],[35.043,0.7604],[35.0313,0.7516],[35.0275,0.7441],[35.0194,0.7428],[35.0102,0.7528],[34.9995,0.7437],[34.9855,0.753],[34.9764,0.7554],[34.9614,0.7519],[34.9572,0.7477],[34.9488,0.7518],[34.9399,0.74],[34.9277,0.7393],[34.9218,0.7212],[34.9288,0.7089],[34.9094,0.6858],[34.8988,0.6854],[34.8918,0.6905],[34.8781,0.6818],[34.8733,0.684],[34.857,0.6799],[34.8572,0.6744],[34.844,0.6681],[34.8377,0.6492],[34.8322,0.6455],[34.8346,0.6359],[34.8314,0.6249],[34.8036,0.6058],[34.7996,0.5966],[34.8098,0.5859],[34.7964,0.5837],[34.7878,0.5756],[34.7829,0.5765],[34.7701,0.5635],[34.7478,0.5347],[34.7381,0.5314],[34.7341,0.5181],[34.7213,0.507],[34.7175,0.51],[34.71,0.5039],[34.7014,0.5066],[34.6962,0.5016],[34.6881,0.4844],[34.6754,0.4828],[34.6776,0.4709],[34.6673,0.4599],[34.6437,0.4503],[34.633,0.452],[34.6315,0.4595],[34.6181,0.4565],[34.6136,0.4426],[34.6041,0.45],[34.5916,0.4445],[34.5926,0.4318],[34.59,0.4195],[34.5814,0.4301],[34.58,0.4537],[34.5627,0.4578],[34.5513,0.4699],[34.538,0.4611],[34.5323,0.4428],[34.5147,0.4496],[34.4951,0.4604],[34.4916,0.4737],[34.4834,0.4842],[34.4702,0.4792],[34.4596,0.4689],[34.4341,0.4641],[34.4202,0.4748],[34.4045,0.4752],[34.3921,0.4679],[34.3811,0.4584],[34.3762,0.4615],[34.3623,0.4577],[34.3612,0.4371],[34.3563,0.4312],[34.3433,0.4255],[34.3601,0.4071],[34.3786,0.4053],[34.3842,0.3988],[34.4091,0.3863],[34.4234,0.3745],[34.4009,0.3606],[34.3974,0.3442],[34.3862,0.3376],[34.383,0.3179],[34.3707,0.3066],[34.3973,0.2824],[34.3895,0.276],[34.4014,0.2616],[34.3988,0.2544],[34.3981,0.2341],[34.3838,0.2293],[34.3902,0.216],[34.3917,0.2062],[34.3851,0.1806],[34.4004,0.1858],[34.411,0.1986],[34.4267,0.2115],[34.4448,0.2186],[34.4514,0.2068],[34.4363,0.2022],[34.4259,0.1869],[34.4306,0.178],[34.4417,0.168],[34.4373,0.1596],[34.4249,0.1527],[34.4381,0.1462],[34.4509,0.153],[34.4669,0.1576],[34.4819,0.1516],[34.484,0.1405],[34.4696,0.1307],[34.4567,0.1307],[34.4582,0.124],[34.4801,0.1153],[34.4739,0.1128],[34.4736,0.1026],[34.4792,0.1057],[34.4932,0.1022],[34.4951,0.1112],[34.5033,0.1158],[34.4956,0.1218],[34.5025,0.1285],[34.5071,0.1184],[34.5138,0.1305],[34.5229,0.1245],[34.5325,0.1338],[34.5458,0.1376],[34.5554,0.1268],[34.5533,0.1183],[34.545,0.1133],[34.5608,0.1069],[34.5551,0.0993],[34.5603,0.0939],[34.5741,0.0965],[34.5869,0.1043],[34.5863,0.1155],[34.5995,0.1204],[34.6326,0.129],[34.6636,0.1266],[34.6757,0.1298],[34.6825,0.1215],[34.6959,0.1342],[34.7036,0.1308],[34.7044,0.1396],[34.7168,0.1397],[34.7383,0.1491],[34.7382,0.1417],[34.7473,0.136],[34.7663,0.1447],[34.7707,0.1525],[34.776,0.1503],[34.7864,0.1597],[34.7967,0.1627],[34.8155,0.1618],[34.8153,0.1774],[34.8106,0.1839],[34.8232,0.1873],[34.8332,0.1842],[34.851,0.1849],[34.8587,0.1977],[34.8667,0.1951],[34.8748,0.1998],[34.8838,0.1976],[34.8866,0.2046],[34.8956,0.2065],[34.9023,0.1959],[34.9194,0.2004],[34.9251,0.1992],[34.9279,0.2073],[34.9415,0.207],[34.9552,0.241],[34.9772,0.2404],[34.9758,0.2473],[34.9497,0.3001],[34.9412,0.3244],[34.9353,0.3571],[34.9471,0.3542],[34.954,0.3668],[34.956,0.415],[34.9233,0.4749],[34.9065,0.4929],[34.9063,0.5026],[34.8859,0.5205],[34.8731,0.5249],[34.8702,0.5302],[34.8503,0.5457],[34.896,0.5992],[34.9165,0.5908],[34.944,0.6069],[34.9645,0.6095],[34.9802,0.6266],[34.9943,0.6298],[34.9978,0.6359],[35.027,0.6138],[35.0388,0.6308],[35.0372,0.6415],[35.0535,0.637],[35.0527,0.63],[35.0622,0.6327],[35.0702,0.6286],[35.0852,0.6295],[35.1032,0.6469],[35.1121,0.6407],[35.1169,0.649],[35.1323,0.6543],[35.1412,0.6608],[35.1498,0.659],[35.1529,0.6738],[35.1517,0.6951],[35.1539,0.7397],[35.1469,0.7394],[35.1484,0.753],[35.1454,0.8265],[35.131,0.8293],[35.124,0.8195],[35.1114,0.8546],[35.112,0.8798],[35.1019,0.8731],[35.0857,0.8797],[35.0808,0.8919],[35.0728,0.8972],[35.0629,0.8959],[35.0519,0.9005],[35.039,0.9006],[35.0302,0.8924],[35.0247,0.8948],[35.0177,0.8875]]]},"properties":{"COUNTY":"Kakamega","Shape_Area":0.24284431286,"Shape_Leng":4.08930960169,"AREA_KM2":3009}},
{"type":"Feature","geometry":{"type":"Polygon","coordinates":[[[36.4887,0.8468],[36.4733,0.8385],[36.4686,0.8275],[36.4045,0.7172],[36.3446,0.6593],[36.2886,0.6446],[36.2757,0.6317],[36.2882,0.58],[36.294,0.5653],[36.2294,0.4266],[36.1838,0.3144],[36.1933,0.3006],[36.1975,0.2856],[36.2104,0.2648],[36.215,0.2522],[36.2019,0.2347],[36.2357,0.2091],[36.2534,0.1806],[36.2604,0.1729],[36.276,0.1481],[36.2837,0.1275],[36.2869,0.1115],[36.2694,0.0882],[36.2596,0.062],[36.2551,0.0562],[36.265,0.0263],[36.2555,-0.022],[36.2673,-0.0216],[36.2713,-0.0011],[36.2927,0.0119],[36.2986,0.0052],[36.3025,0.0161],[36.3306,0.0229],[36.3297,0.0286],[36.3456,0.031],[36.3364,0.0628],[36.3488,0.0705],[36.3544,0.0686],[36.3634,0.0485],[36.3855,0.0317],[36.3993,0.0329],[36.3989,0.0401],[36.4135,0.0396],[36.4239,0.046],[36.4007,0.0596],[36.4231,0.0854],[36.4411,0.0915],[36.4625,0.1403],[36.5104,0.0851],[36.5213,0.0487],[36.5738,0.0708],[36.5882,0.0441],[36.5891,0.0278],[36.5992,0.0034],[36.6071,0.0033],[36.6346,0.0162],[36.6495,-0.0169],[36.5895,-0.0208],[36.5794,-0.0227],[36.573,-0.0345],[36.5587,-0.0452],[36.5492,-0.0659],[36.5446,-0.0684],[36.5574,-0.0807],[36.5522,-0.0915],[36.5593,-0.0929],[36.5732,-0.1052],[36.5964,-0.1041],[36.6329,-0.1087],[36.6538,-0.1542],[36.6575,-0.1531],[36.7108,-0.1367],[36.7159,-0.1296],[36.7522,-0.1208],[36.7632,-0.1093],[36.7649,-0.1147],[36.7907,-0.1068],[36.8291,-0.1036],[36.829,-0.1357],[36.8437,-0.1374],[36.8596,-0.1435],[36.8566,-0.1549],[36.8625,-0.1598],[36.869,-0.18],[36.8498,-0.1978],[36.8376,-0.1977],[36.841,-0.216],[36.8547,-0.2543],[36.8688,-0.249],[36.8778,-0.2603],[36.9612,-0.2847],[36.9854,-0.2962],[36.9958,-0.2713],[36.9881,-0.2557],[37.0012,-0.2488],[37.0116,-0.2318],[37.007,-0.2212],[37.0168,-0.1808],[37.0044,-0.1768],[37.0069,-0.1507],[36.9938,-0.1457],[36.983,-0.1321],[36.9804,-0.0971],[36.9765,-0.0799],[36.9779,-0.0701],[36.9978,-0.0643],[37.0244,-0.0491],[37.0263,-0.0444],[37.0632,0.0019],[37.0711,0.0009],[37.0769,0.0098],[37.0761,-0.0018],[37.0878,-0.0168],[37.1144,-0.041],[37.1237,-0.0545],[37.1305,-0.0369],[37.1315,-0.0298],[37.1099,-0.0124],[37.1002,0.0108],[37.0881,0.0226],[37.1106,0.0391],[37.1397,0.0407],[37.1537,0.0512],[37.1875,0.0586],[37.2112,0.0727],[37.2335,0.0837],[37.235,0.1025],[37.248,0.1051],[37.2534,0.0981],[37.2624,0.1122],[37.279,0.1282],[37.2817,0.1341],[37.2808,0.1524],[37.3023,0.1717],[37.3072,0.1797],[37.322,0.1833],[37.3381,0.1842],[37.3336,0.1923],[37.3486,0.1963],[37.3484,0.208],[37.3549,0.224],[37.3638,0.2375],[37.366,0.2477],[37.3598,0.2511],[37.3643,0.2589],[37.3725,0.2627],[37.3746,0.2712],[37.3858,0.2744],[37.3884,0.286],[37.394,0.2894],[37.3951,0.2988],[37.3913,0.3128],[37.3928,0.3336],[37.3903,0.3549],[37.3831,0.3564],[37.3769,0.3678],[37.3793,0.3769],[37.3696,0.3833],[37.3687,0.3957],[37.3622,0.4076],[37.3537,0.4118],[37.3483,0.4402],[37.3489,0.4558],[37.3569,0.4655],[37.3609,0.4865],[37.3611,0.5035],[37.369,0.5116],[37.2584,0.5248],[37.0719,0.5443],[36.8644,0.5658],[36.8681,0.5846],[36.8656,0.592],[36.8845,0.613],[36.8883,0.6104],[36.8901,0.6228],[36.8989,0.6314],[36.9096,0.6327],[36.9082,0.6436],[36.9142,0.662],[36.9219,0.661],[36.9271,0.6766],[36.9257,0.6871],[36.9273,0.7289],[36.9316,0.7434],[36.9199,0.7381],[36.9167,0.7293],[36.9102,0.7287],[36.9087,0.7368],[36.8969,0.7403],[36.8811,0.7332],[36.8777,0.7381],[36.8658,0.7377],[36.8567,0.7635],[36.8409,0.79],[36.8438,0.7949],[36.8345,0.7998],[36.832,0.8135],[36.8201,0.8382],[36.8156,0.8559],[36.7934,0.8694],[36.7731,0.8656],[36.7561,0.8584],[36.7347,0.825],[36.7084,0.8144],[36.6872,0.8175],[36.673,0.8167],[36.6695,0.8133],[36.4824,0.8135],[36.4887,0.8468]]]},"properties":{"COUNTY":"Laikipia","Shape_Area":0.78675264331,"Shape_Leng":5.35873822222,"AREA_KM2":9750}},
{"type":"Feature","geometry":{"type":"Polygon","coordinates":[[[34.3921,0.4679],[34.3852,0.4907],[34.39,0.4992],[34.4007,0.4995],[34.4086,0.5046],[34.389,0.5399],[34.3839,0.5418],[34.3683,0.5618],[34.377,0.5788],[34.3701,0.5902],[34.3707,0.6077],[34.3789,0.613],[34.3793,0.6252],[34.3837,0.6334],[34.3831,0.6439],[34.4171,0.6596],[34.4093,0.6813],[34.4157,0.69],[34.4032,0.7289],[34.4225,0.7316],[34.4315,0.7264],[34.433,0.7443],[34.4245,0.7597],[34.4241,0.7671],[34.4115,0.7673],[34.406,0.7571],[34.3937,0.7594],[34.3823,0.7741],[34.367,0.7734],[34.3605,0.7784],[34.3335,0.7696],[34.315,0.7656],[34.3099,0.75],[34.307,0.7218],[34.3129,0.6997],[34.299,0.693],[34.292,0.6858],[34.2785,0.6812],[34.2801,0.6675],[34.2765,0.6433],[34.2568,0.6365],[34.2531,0.6329],[34.2414,0.6356],[34.2362,0.6296],[34.2208,0.6326],[34.2151,0.6255],[34.2006,0.6282],[34.1858,0.6069],[34.176,0.6077],[34.1625,0.5993],[34.1519,0.588],[34.1376,0.5858],[34.1269,0.5568],[34.1265,0.539],[34.1171,0.5233],[34.1231,0.516],[34.1173,0.5104],[34.1181,0.4901],[34.1208,0.4804],[34.1113,0.4753],[34.0912,0.4586],[34.0898,0.4264],[34.0997,0.4135],[34.1056,0.3943],[34.109,0.3737],[34.0999,0.3491],[34.0724,0.3258],[34.0589,0.3247],[34.0598,0.3119],[34.0492,0.302],[34.05,0.295],[34.0424,0.2928],[34.0368,0.2713],[34.0256,0.268],[34.0217,0.2543],[34.0052,0.2409],[34.0054,0.2358],[33.9139,0.1114],[33.9118,0.1003],[33.9505,-0.026],[34.0111,-0.0259],[34.0194,-0.027],[34.0302,-0.0174],[34.0421,-0.0001],[34.0661,0.0875],[34.074,0.1063],[34.0718,0.1196],[34.0901,0.1235],[34.0975,0.1345],[34.1051,0.1357],[34.1032,0.1255],[34.1142,0.1452],[34.1116,0.1775],[34.1055,0.1862],[34.1147,0.2145],[34.1169,0.2432],[34.1318,0.2513],[34.1386,0.2583],[34.1581,0.2907],[34.1588,0.3005],[34.1743,0.2956],[34.1843,0.2861],[34.191,0.2736],[34.2068,0.2627],[34.2076,0.2883],[34.2374,0.2897],[34.2499,0.3134],[34.2636,0.3152],[34.2852,0.3098],[34.3219,0.3095],[34.333,0.3114],[34.3566,0.3058],[34.3619,0.2978],[34.3707,0.3066],[34.383,0.3179],[34.3862,0.3376],[34.3974,0.3442],[34.4009,0.3606],[34.4234,0.3745],[34.4091,0.3863],[34.3842,0.3988],[34.3786,0.4053],[34.3601,0.4071],[34.3433,0.4255],[34.3563,0.4312],[34.3612,0.4371],[34.3623,0.4577],[34.3762,0.4615],[34.3811,0.4584],[34.3921,0.4679]]]},"properties":{"COUNTY":"Busia","Shape_Area":0.14751363576,"Shape_Leng":2.68271150654,"AREA_KM2":1828}},
{"type":"Feature","geometry":{"type":"Polygon","coordinates":[[[38.4207,-0.0693],[38.4115,-0.0623],[38.4134,-0.0515],[38.4066,-0.0409],[38.4023,-0.0172],[38.3951,-0.0078],[38.3795,-0.0011],[38.3666,0.0165],[38.3554,0.0279],[38.3576,0.04],[38.3454,0.0454],[38.3487,0.0632],[38.3419,0.062],[38.341,0.0692],[38.3254,0.0771],[38.3293,0.0974],[38.3217,0.1006],[38.3185,0.109],[38.3085,0.1131],[38.307,0.1314],[38.2978,0.1611],[38.2836,0.1738],[38.264,0.185],[38.2624,0.1925],[38.2543,0.1996],[38.238,0.2073],[38.2285,0.2166],[38.2221,0.2162],[38.1965,0.2287],[38.1959,0.3225],[38.1765,0.3301],[38.0946,0.5631],[38.0627,0.6655],[38.0613,0.6674],[37.826,0.5618],[37.5865,0.4812],[37.5866,0.4686],[37.5816,0.463],[37.5814,0.42],[37.5856,0.4017],[37.5988,0.4015],[37.6032,0.3607],[37.5922,0.3401],[37.5808,0.3275],[37.5555,0.3278],[37.5475,0.3107],[37.5501,0.3067],[37.5485,0.2844],[37.5371,0.264],[37.4642,0.283],[37.4278,0.2978],[37.3995,0.2962],[37.3995,0.284],[37.3858,0.2744],[37.3746,0.2712],[37.3725,0.2627],[37.3643,0.2589],[37.3598,0.2511],[37.366,0.2477],[37.3638,0.2375],[37.3549,0.224],[37.3484,0.208],[37.3486,0.1963],[37.3336,0.1923],[37.3381,0.1842],[37.322,0.1833],[37.3072,0.1797],[37.3023,0.1717],[37.2808,0.1524],[37.2817,0.1341],[37.279,0.1282],[37.2624,0.1122],[37.2534,0.0981],[37.248,0.1051],[37.235,0.1025],[37.2335,0.0837],[37.2112,0.0727],[37.1875,0.0586],[37.1537,0.0512],[37.1397,0.0407],[37.1106,0.0391],[37.0881,0.0226],[37.1002,0.0108],[37.1099,-0.0124],[37.1315,-0.0298],[37.1305,-0.0369],[37.1354,-0.0413],[37.3078,-0.1511],[37.5275,-0.1815],[37.5908,-0.1833],[37.6029,-0.1945],[37.6134,-0.1943],[37.626,-0.2049],[37.6405,-0.2074],[37.6461,-0.2133],[37.6617,-0.2165],[37.6655,-0.2042],[37.684,-0.2073],[37.6989,-0.2029],[37.7224,-0.2033],[37.7324,-0.1991],[37.7443,-0.1876],[37.7535,-0.1827],[37.7647,-0.159],[37.7779,-0.1589],[37.7845,-0.1545],[37.7966,-0.162],[37.8572,-0.121],[37.8495,-0.105],[37.8624,-0.0689],[37.8483,-0.0304],[37.8541,-0.0118],[37.877,-0.0104],[37.8841,-0.0185],[37.8917,-0.0186],[37.8942,-0.003],[37.9,0.0102],[37.9073,0.0069],[37.9376,0.0084],[37.9399,0.0274],[37.9478,0.0285],[37.9567,0.0396],[37.9464,0.0463],[37.9602,0.0671],[37.9938,0.0691],[38.0154,0.0614],[38.0218,0.0528],[38.0283,0.0514],[38.0331,0.0392],[38.0427,0.0264],[38.0538,0.0289],[38.0689,0.0252],[38.0744,0.0318],[38.0835,0.0299],[38.0886,0.043],[38.0982,0.0506],[38.1043,0.0477],[38.1136,0.0574],[38.118,0.0506],[38.1295,0.0529],[38.1442,0.0446],[38.1603,0.0295],[38.1794,0.0247],[38.1929,0.015],[38.2056,0.0196],[38.224,0.0118],[38.2304,-0.0059],[38.2482,-0.0187],[38.251,-0.0122],[38.2648,-0.0131],[38.2884,-0.0222],[38.2938,-0.0337],[38.3091,-0.0515],[38.3197,-0.0552],[38.3268,-0.0633],[38.3469,-0.0614],[38.3815,-0.0855],[38.388,-0.0821],[38.3916,-0.0735],[38.4035,-0.0749],[38.4207,-0.0693]]]},"properties":{"COUNTY":"Meru","Shape_Area":0.56055005729,"Shape_Leng":4.28499228716,"AREA_KM2":6946}},
{"type":"Feature","geometry":{"type":"Polygon","coordinates":[[[34.8503,0.5457],[34.8702,0.5302],[34.8731,0.5249],[34.8859,0.5205],[34.9063,0.5026],[34.9065,0.4929],[34.9233,0.4749],[34.956,0.415],[34.954,0.3668],[34.9471,0.3542],[34.9353,0.3571],[34.9412,0.3244],[34.9497,0.3001],[34.9758,0.2473],[34.9772,0.2404],[34.9552,0.241],[34.9415,0.207],[34.9279,0.2073],[34.9251,0.1992],[34.9159,0.1718],[34.9204,0.166],[34.9156,0.156],[34.9036,0.1528],[34.8837,0.1428],[34.8593,0.1211],[34.8568,0.107],[34.8592,0.0833],[34.8543,0.0798],[34.8466,0.0641],[34.8491,0.0604],[34.8389,0.0464],[34.8375,0.0363],[34.8259,0.0344],[34.8104,0.0369],[34.7976,0.0229],[34.7898,0.0188],[34.7792,0.0072],[34.7665,0.0023],[34.762,-0.0036],[34.7595,0.0079],[34.7546,0.0098],[34.7402,0.0051],[34.7395,-0.0034],[34.7443,-0.0105],[34.7471,-0.0247],[34.7551,-0.033],[34.7627,-0.0179],[34.7747,-0.0172],[34.781,-0.0214],[34.7834,-0.0134],[34.8034,0.0101],[34.8098,0.0112],[34.8187,0.0219],[34.8307,0.0239],[34.8031,-0.0167],[34.809,-0.0228],[34.8267,-0.0285],[34.88,-0.0274],[34.8916,-0.0256],[34.9061,-0.0293],[34.9212,-0.0268],[34.9237,-0.0367],[34.9552,-0.031],[34.9579,-0.0265],[34.9646,-0.0323],[34.9788,-0.0246],[34.9898,-0.0248],[34.9894,-0.0201],[35.0068,-0.0296],[35.0326,-0.0352],[35.05,-0.0356],[35.0656,-0.0688],[35.0742,-0.0553],[35.0917,-0.0446],[35.0949,-0.0318],[35.1022,-0.0243],[35.1003,-0.0037],[35.1438,-0.0322],[35.1579,-0.0371],[35.1771,-0.0285],[35.1838,-0.0302],[35.1994,-0.0274],[35.2212,-0.0391],[35.2265,-0.0677],[35.2265,-0.1066],[35.2801,-0.0994],[35.3079,-0.0867],[35.3259,-0.1018],[35.341,-0.1095],[35.3716,-0.1103],[35.4022,-0.0872],[35.424,-0.0782],[35.4037,-0.0245],[35.4135,0.0052],[35.4375,0.0188],[35.4348,0.0255],[35.4038,0.1053],[35.3963,0.109],[35.386,0.1019],[35.3807,0.1142],[35.3708,0.1272],[35.3359,0.1431],[35.3359,0.1605],[35.3403,0.1681],[35.34,0.1938],[35.3032,0.2113],[35.2234,0.3275],[35.1932,0.3776],[35.1755,0.4192],[35.171,0.4215],[35.1392,0.4717],[35.1598,0.5042],[35.1652,0.5462],[35.1558,0.5382],[35.1393,0.5347],[35.1261,0.5441],[35.1152,0.5452],[35.1054,0.5546],[35.0987,0.5391],[35.0717,0.5511],[35.0444,0.5615],[34.8503,0.5457]]]},"properties":{"COUNTY":"Nandi","Shape_Area":0.23317230662,"Shape_Leng":2.98688390509,"AREA_KM2":2890}},
{"type":"Feature","geometry":{"type":"Polygon","coordinates":[[[34.3707,0.3066],[34.3619,0.2978],[34.3566,0.3058],[34.333,0.3114],[34.3219,0.3095],[34.2852,0.3098],[34.2636,0.3152],[34.2499,0.3134],[34.2374,0.2897],[34.2076,0.2883],[34.2068,0.2627],[34.191,0.2736],[34.1843,0.2861],[34.1743,0.2956],[34.1588,0.3005],[34.1581,0.2907],[34.1386,0.2583],[34.1318,0.2513],[34.1169,0.2432],[34.1147,0.2145],[34.1055,0.1862],[34.1116,0.1775],[34.1142,0.1452],[34.1032,0.1255],[34.1051,0.1357],[34.0975,0.1345],[34.0901,0.1235],[34.0718,0.1196],[34.074,0.1063],[34.0661,0.0875],[34.0421,-0.0001],[34.0302,-0.0174],[34.0194,-0.027],[34.0111,-0.0259],[33.9505,-0.026],[33.9822,-0.1294],[33.9477,-0.3372],[34.2398,-0.3375],[34.2793,-0.4087],[34.2893,-0.4207],[34.2993,-0.4252],[34.3166,-0.4229],[34.324,-0.4177],[34.4224,-0.3336],[34.4834,-0.2993],[34.426,-0.1305],[34.4114,-0.083],[34.4116,-0.0784],[34.4463,-0.0558],[34.4605,-0.0424],[34.4858,-0.0299],[34.5291,-0.0208],[34.5341,-0.0154],[34.5435,-0.0044],[34.5373,0.0054],[34.5512,0.0183],[34.5533,0.0406],[34.5567,0.0479],[34.5603,0.0716],[34.555,0.0887],[34.5603,0.0939],[34.5551,0.0993],[34.5608,0.1069],[34.545,0.1133],[34.5533,0.1183],[34.5554,0.1268],[34.5458,0.1376],[34.5325,0.1338],[34.5229,0.1245],[34.5138,0.1305],[34.5071,0.1184],[34.5025,0.1285],[34.4956,0.1218],[34.5033,0.1158],[34.4951,0.1112],[34.4932,0.1022],[34.4792,0.1057],[34.4736,0.1026],[34.4739,0.1128],[34.4801,0.1153],[34.4582,0.124],[34.4567,0.1307],[34.4696,0.1307],[34.484,0.1405],[34.4819,0.1516],[34.4669,0.1576],[34.4509,0.153],[34.4381,0.1462],[34.4249,0.1527],[34.4373,0.1596],[34.4417,0.168],[34.4306,0.178],[34.4259,0.1869],[34.4363,0.2022],[34.4514,0.2068],[34.4448,0.2186],[34.4267,0.2115],[34.411,0.1986],[34.4004,0.1858],[34.3851,0.1806],[34.3917,0.2062],[34.3902,0.216],[34.3838,0.2293],[34.3981,0.2341],[34.3988,0.2544],[34.4014,0.2616],[34.3895,0.276],[34.3973,0.2824],[34.3707,0.3066]]]},"properties":{"COUNTY":"Siaya","Shape_Area":0.285189281,"Shape_Leng":2.92450556058,"AREA_KM2":3534}},
{"type":"Feature","geometry":{"type":"Polygon","coordinates":[[[36.2555,-0.022],[36.265,0.0263],[36.2551,0.0562],[36.2596,0.062],[36.2694,0.0882],[36.2869,0.1115],[36.2837,0.1275],[36.276,0.1481],[36.2604,0.1729],[36.2534,0.1806],[36.2357,0.2091],[36.2019,0.2347],[36.1775,0.2284],[36.1836,0.2199],[36.1946,0.2164],[36.1967,0.1993],[36.1471,0.1857],[36.1392,0.1296],[36.1338,0.1119],[36.1264,0.0594],[36.1043,0.0614],[36.1112,0.0061],[36.0926,-0.0137],[36.0504,0.0046],[36.0395,0.0211],[36.0339,0.0213],[36.0053,0.0313],[35.9961,0.0599],[35.9637,0.0572],[35.9638,0.0779],[35.9587,0.0885],[35.9389,0.0955],[35.9281,0.0698],[35.9682,0.0247],[35.9765,0.0134],[35.9712,0.0003],[35.9708,-0.0092],[35.959,-0.0265],[35.9477,-0.0508],[35.9258,-0.0723],[35.9268,-0.0772],[35.9164,-0.0819],[35.8991,-0.048],[35.893,-0.0515],[35.8755,-0.036],[35.8504,-0.0758],[35.8205,-0.1195],[35.8166,-0.1175],[35.8058,-0.1001],[35.7962,-0.1097],[35.7892,-0.1116],[35.7897,-0.1621],[35.7719,-0.1923],[35.7801,-0.1948],[35.7632,-0.2249],[35.7546,-0.2263],[35.744,-0.2192],[35.7332,-0.22],[35.7247,-0.2124],[35.7219,-0.1925],[35.7222,-0.1721],[35.7289,-0.1602],[35.7057,-0.1228],[35.6923,-0.1096],[35.6878,-0.096],[35.6887,-0.076],[35.6683,-0.0738],[35.6493,-0.0811],[35.6402,-0.061],[35.6291,-0.0717],[35.6234,-0.0813],[35.615,-0.0844],[35.6144,-0.0914],[35.6223,-0.104],[35.6127,-0.1106],[35.5969,-0.129],[35.6006,-0.1366],[35.6027,-0.154],[35.612,-0.1586],[35.6246,-0.1505],[35.629,-0.1534],[35.6468,-0.1516],[35.6529,-0.1643],[35.6695,-0.1632],[35.6646,-0.1857],[35.6725,-0.1889],[35.6628,-0.1942],[35.6604,-0.205],[35.6547,-0.2066],[35.6541,-0.2233],[35.6566,-0.2361],[35.6517,-0.2577],[35.6454,-0.2713],[35.6312,-0.2756],[35.6302,-0.2878],[35.6196,-0.2939],[35.6105,-0.2887],[35.6037,-0.2936],[35.6007,-0.2832],[35.5935,-0.2768],[35.5914,-0.2849],[35.584,-0.292],[35.5801,-0.308],[35.5682,-0.3034],[35.5715,-0.2822],[35.5586,-0.2735],[35.5281,-0.2596],[35.5246,-0.2701],[35.5015,-0.2705],[35.4693,-0.2777],[35.4546,-0.287],[35.4125,-0.3024],[35.4511,-0.3654],[35.5867,-0.5881],[35.6008,-0.6716],[35.6108,-0.6739],[35.6267,-0.6842],[35.6421,-0.7022],[35.6451,-0.7026],[35.6522,-0.686],[35.6632,-0.6808],[35.6655,-0.6687],[35.6754,-0.6595],[35.6842,-0.6402],[35.6831,-0.6246],[35.6913,-0.5996],[35.703,-0.5896],[35.7105,-0.5716],[35.7092,-0.5535],[35.7154,-0.5536],[35.7293,-0.5376],[35.7384,-0.5308],[35.7712,-0.5369],[35.7745,-0.5212],[35.7946,-0.4715],[35.7928,-0.4672],[35.7992,-0.456],[35.8107,-0.4575],[35.8144,-0.466],[35.8137,-0.4766],[35.8279,-0.4725],[35.8352,-0.4666],[35.8381,-0.4726],[35.8303,-0.4945],[35.8881,-0.5269],[35.903,-0.5474],[35.9316,-0.5511],[35.9351,-0.5564],[35.9435,-0.5552],[35.9814,-0.6303],[35.9493,-0.6657],[35.9148,-0.6352],[35.8756,-0.6371],[35.8761,-0.6505],[35.8913,-0.6496],[35.9294,-0.6966],[35.9288,-0.7056],[35.9459,-0.7143],[36.0111,-0.6635],[36.0286,-0.6789],[36.062,-0.6569],[36.0975,-0.6396],[36.1003,-0.6759],[36.1419,-0.7121],[36.1528,-0.7144],[36.1513,-0.7192],[36.1582,-0.7325],[36.1611,-0.7451],[36.1918,-0.7664],[36.1818,-0.7789],[36.1898,-0.7853],[36.1871,-0.8047],[36.1571,-0.837],[36.1688,-0.8723],[36.1889,-0.9083],[36.1846,-0.9155],[36.1932,-0.9156],[36.2035,-0.9335],[36.2625,-0.9132],[36.3339,-1.0494],[36.4893,-1.1225],[36.5337,-1.1559],[36.5417,-1.127],[36.5639,-1.1001],[36.567,-1.1015],[36.5883,-1.0634],[36.5843,-1.0444],[36.5954,-0.9917],[36.594,-0.9834],[36.5849,-0.9793],[36.5849,-0.9619],[36.5799,-0.9481],[36.5725,-0.9423],[36.578,-0.9293],[36.5683,-0.9215],[36.5612,-0.9243],[36.5528,-0.92],[36.5429,-0.9082],[36.5504,-0.8687],[36.5484,-0.8501],[36.5581,-0.8378],[36.5529,-0.8289],[36.5314,-0.7459],[36.517,-0.7113],[36.5397,-0.6965],[36.5179,-0.6531],[36.5249,-0.649],[36.5207,-0.6355],[36.5138,-0.6306],[36.5099,-0.6096],[36.5009,-0.6238],[36.4648,-0.6307],[36.4498,-0.6131],[36.4464,-0.5712],[36.4372,-0.5755],[36.408,-0.5792],[36.4,-0.5723],[36.404,-0.5518],[36.3973,-0.531],[36.4029,-0.524],[36.3982,-0.5158],[36.3996,-0.5058],[36.3946,-0.5016],[36.3959,-0.4904],[36.3841,-0.4562],[36.387,-0.442],[36.3835,-0.4274],[36.3781,-0.424],[36.3754,-0.4039],[36.3691,-0.4011],[36.3606,-0.3904],[36.3588,-0.3797],[36.3318,-0.3928],[36.3102,-0.3907],[36.3074,-0.3719],[36.2901,-0.3784],[36.2732,-0.3949],[36.2613,-0.3441],[36.2477,-0.3471],[36.2328,-0.3428],[36.2225,-0.3566],[36.2086,-0.2743],[36.244,-0.2578],[36.2329,-0.2322],[36.2211,-0.213],[36.2163,-0.2145],[36.21,-0.2053],[36.2088,-0.192],[36.1984,-0.1401],[36.2181,-0.1141],[36.2261,-0.1113],[36.2261,-0.1189],[36.2445,-0.1212],[36.25,-0.0896],[36.2496,-0.0615],[36.2555,-0.022]]]},"properties":{"COUNTY":"Nakuru","Shape_Area":0.6049129256,"Shape_Leng":6.47490410854,"AREA_KM2":7496}},
{"type":"Feature","geometry":{"type":"Polygon","coordinates":[[[34.9251,0.1992],[34.9194,0.2004],[34.9023,0.1959],[34.8956,0.2065],[34.8866,0.2046],[34.8838,0.1976],[34.8748,0.1998],[34.8667,0.1951],[34.8587,0.1977],[34.851,0.1849],[34.8332,0.1842],[34.8232,0.1873],[34.8106,0.1839],[34.8153,0.1774],[34.8155,0.1618],[34.7967,0.1627],[34.7864,0.1597],[34.776,0.1503],[34.7707,0.1525],[34.7663,0.1447],[34.7473,0.136],[34.7382,0.1417],[34.7383,0.1491],[34.7168,0.1397],[34.7044,0.1396],[34.7036,0.1308],[34.6959,0.1342],[34.6825,0.1215],[34.6757,0.1298],[34.6636,0.1266],[34.6326,0.129],[34.5995,0.1204],[34.5863,0.1155],[34.5869,0.1043],[34.5741,0.0965],[34.5603,0.0939],[34.555,0.0887],[34.5603,0.0716],[34.5567,0.0479],[34.5533,0.0406],[34.5512,0.0183],[34.5373,0.0054],[34.5435,-0.0044],[34.5341,-0.0154],[34.5504,-0.0216],[34.5548,-0.0155],[34.5636,-0.0163],[34.5606,-0.034],[34.5649,-0.0401],[34.5825,-0.0312],[34.5878,-0.0106],[34.5921,-0.0073],[34.5889,0.0012],[34.6038,0.0124],[34.6139,-0.0007],[34.6375,-0.0007],[34.6542,-0.0066],[34.6603,-0.0135],[34.672,-0.0158],[34.6906,-0.0106],[34.6925,-0.0148],[34.6862,-0.0263],[34.6942,-0.0208],[34.7086,-0.0215],[34.7149,-0.0104],[34.7276,-0.0065],[34.7399,-0.0258],[34.7471,-0.0247],[34.7443,-0.0105],[34.7395,-0.0034],[34.7402,0.0051],[34.7546,0.0098],[34.7595,0.0079],[34.762,-0.0036],[34.7665,0.0023],[34.7792,0.0072],[34.7898,0.0188],[34.7976,0.0229],[34.8104,0.0369],[34.8259,0.0344],[34.8375,0.0363],[34.8389,0.0464],[34.8491,0.0604],[34.8466,0.0641],[34.8543,0.0798],[34.8592,0.0833],[34.8568,0.107],[34.8593,0.1211],[34.8837,0.1428],[34.9036,0.1528],[34.9156,0.156],[34.9204,0.166],[34.9159,0.1718],[34.9251,0.1992]]]},"properties":{"COUNTY":"Vihiga","Shape_Area":0.04542782092,"Shape_Leng":1.36457628166,"AREA_KM2":563}},
{"type":"Feature","geometry":{"type":"Polygon","coordinates":[[[36.6575,-0.1531],[36.6538,-0.1542],[36.6329,-0.1087],[36.5964,-0.1041],[36.5732,-0.1052],[36.5593,-0.0929],[36.5522,-0.0915],[36.5574,-0.0807],[36.5446,-0.0684],[36.5492,-0.0659],[36.5587,-0.0452],[36.573,-0.0345],[36.5794,-0.0227],[36.5895,-0.0208],[36.6495,-0.0169],[36.6346,0.0162],[36.6071,0.0033],[36.5992,0.0034],[36.5891,0.0278],[36.5882,0.0441],[36.5738,0.0708],[36.5213,0.0487],[36.5104,0.0851],[36.4625,0.1403],[36.4411,0.0915],[36.4231,0.0854],[36.4007,0.0596],[36.4239,0.046],[36.4135,0.0396],[36.3989,0.0401],[36.3993,0.0329],[36.3855,0.0317],[36.3634,0.0485],[36.3544,0.0686],[36.3488,0.0705],[36.3364,0.0628],[36.3456,0.031],[36.3297,0.0286],[36.3306,0.0229],[36.3025,0.0161],[36.2986,0.0052],[36.2927,0.0119],[36.2713,-0.0011],[36.2673,-0.0216],[36.2555,-0.022],[36.2496,-0.0615],[36.25,-0.0896],[36.2445,-0.1212],[36.2261,-0.1189],[36.2261,-0.1113],[36.2181,-0.1141],[36.1984,-0.1401],[36.2088,-0.192],[36.21,-0.2053],[36.2163,-0.2145],[36.2211,-0.213],[36.2329,-0.2322],[36.244,-0.2578],[36.2086,-0.2743],[36.2225,-0.3566],[36.2328,-0.3428],[36.2477,-0.3471],[36.2613,-0.3441],[36.2732,-0.3949],[36.2901,-0.3784],[36.3074,-0.3719],[36.3102,-0.3907],[36.3318,-0.3928],[36.3588,-0.3797],[36.3606,-0.3904],[36.3691,-0.4011],[36.3754,-0.4039],[36.3781,-0.424],[36.3835,-0.4274],[36.387,-0.442],[36.3841,-0.4562],[36.3959,-0.4904],[36.3946,-0.5016],[36.3996,-0.5058],[36.3982,-0.5158],[36.4029,-0.524],[36.3973,-0.531],[36.404,-0.5518],[36.4,-0.5723],[36.408,-0.5792],[36.4372,-0.5755],[36.4464,-0.5712],[36.4498,-0.6131],[36.4648,-0.6307],[36.5009,-0.6238],[36.5099,-0.6096],[36.5138,-0.6306],[36.5207,-0.6355],[36.5249,-0.649],[36.5179,-0.6531],[36.5397,-0.6965],[36.517,-0.7113],[36.5314,-0.7459],[36.5529,-0.8289],[36.5581,-0.8378],[36.5484,-0.8501],[36.5504,-0.8687],[36.5429,-0.9082],[36.5528,-0.92],[36.5686,-0.9111],[36.5618,-0.9039],[36.587,-0.8868],[36.598,-0.8618],[36.5898,-0.8489],[36.586,-0.8265],[36.6186,-0.8298],[36.6083,-0.8056],[36.6503,-0.7646],[36.6585,-0.7678],[36.6716,-0.7585],[36.6856,-0.7648],[36.705,-0.7843],[36.72,-0.8064],[36.7218,-0.7877],[36.7177,-0.7801],[36.7326,-0.7794],[36.7181,-0.7625],[36.7143,-0.7469],[36.7148,-0.7375],[36.71,-0.7158],[36.7036,-0.6993],[36.705,-0.6673],[36.7017,-0.6492],[36.7041,-0.6287],[36.6902,-0.6134],[36.68,-0.5967],[36.679,-0.5809],[36.6675,-0.5716],[36.6659,-0.5453],[36.6604,-0.5345],[36.6612,-0.5251],[36.6546,-0.5167],[36.659,-0.4916],[36.6641,-0.4803],[36.6624,-0.4653],[36.6478,-0.4601],[36.6503,-0.4359],[36.6356,-0.4197],[36.6219,-0.4016],[36.6304,-0.3895],[36.6252,-0.3832],[36.6018,-0.3756],[36.6024,-0.3674],[36.6133,-0.3545],[36.608,-0.3462],[36.6063,-0.3348],[36.6125,-0.3115],[36.682,-0.1855],[36.6787,-0.1744],[36.6859,-0.1745],[36.6575,-0.1531]]]},"properties":{"COUNTY":"Nyandarua","Shape_Area":0.26594175682,"Shape_Leng":3.58782123441,"AREA_KM2":3296}},
{"type":"Feature","geometry":{"type":"Polygon","coordinates":[[[38.3091,-0.0515],[38.2938,-0.0337],[38.2884,-0.0222],[38.2648,-0.0131],[38.251,-0.0122],[38.2482,-0.0187],[38.2304,-0.0059],[38.224,0.0118],[38.2056,0.0196],[38.1929,0.015],[38.1794,0.0247],[38.1603,0.0295],[38.1442,0.0446],[38.1295,0.0529],[38.118,0.0506],[38.1136,0.0574],[38.1043,0.0477],[38.0982,0.0506],[38.0886,0.043],[38.0835,0.0299],[38.0744,0.0318],[38.0689,0.0252],[38.0538,0.0289],[38.0427,0.0264],[38.0331,0.0392],[38.0283,0.0514],[38.0218,0.0528],[38.0154,0.0614],[37.9938,0.0691],[37.9602,0.0671],[37.9464,0.0463],[37.9567,0.0396],[37.9478,0.0285],[37.9399,0.0274],[37.9376,0.0084],[37.9073,0.0069],[37.9,0.0102],[37.8942,-0.003],[37.8917,-0.0186],[37.8841,-0.0185],[37.877,-0.0104],[37.8541,-0.0118],[37.8483,-0.0304],[37.8624,-0.0689],[37.8495,-0.105],[37.8572,-0.121],[37.7966,-0.162],[37.7845,-0.1545],[37.7779,-0.1589],[37.7647,-0.159],[37.7535,-0.1827],[37.7443,-0.1876],[37.7324,-0.1991],[37.7224,-0.2033],[37.6989,-0.2029],[37.684,-0.2073],[37.6655,-0.2042],[37.6617,-0.2165],[37.6461,-0.2133],[37.6405,-0.2074],[37.626,-0.2049],[37.6134,-0.1943],[37.6029,-0.1945],[37.5908,-0.1833],[37.5275,-0.1815],[37.3078,-0.1511],[37.5538,-0.3599],[37.5626,-0.3652],[37.5712,-0.3631],[37.6018,-0.3831],[37.631,-0.3891],[37.637,-0.3928],[37.6437,-0.4048],[37.662,-0.4212],[37.6828,-0.4263],[37.694,-0.4376],[37.712,-0.4423],[37.7209,-0.45],[37.732,-0.4502],[37.736,-0.446],[37.7476,-0.4448],[37.7582,-0.4484],[37.785,-0.4463],[37.8146,-0.4272],[37.8163,-0.4217],[37.8291,-0.4121],[37.832,-0.4042],[37.8455,-0.4032],[37.8521,-0.389],[37.8665,-0.3814],[37.8652,-0.3696],[37.8705,-0.3654],[37.8735,-0.3493],[37.8905,-0.3448],[37.8948,-0.3515],[37.8897,-0.3641],[37.8957,-0.3685],[37.8966,-0.3776],[37.8906,-0.3827],[37.8913,-0.3933],[37.9017,-0.3973],[37.9007,-0.4045],[37.9089,-0.4137],[37.9222,-0.4164],[37.9202,-0.4213],[37.927,-0.4273],[37.9365,-0.4273],[37.9512,-0.4256],[37.9646,-0.4116],[37.9649,-0.401],[37.9696,-0.3962],[37.9702,-0.3806],[37.9741,-0.3706],[37.9681,-0.3647],[37.9778,-0.3548],[37.972,-0.3447],[37.9857,-0.3174],[37.9799,-0.3106],[37.9876,-0.2925],[37.9931,-0.2853],[37.9934,-0.2754],[38.0003,-0.265],[38.027,-0.2686],[38.0315,-0.273],[38.0457,-0.2753],[38.0879,-0.2738],[38.1025,-0.2784],[38.1133,-0.2753],[38.1354,-0.2562],[38.1421,-0.2406],[38.1589,-0.2374],[38.1635,-0.2218],[38.1819,-0.1893],[38.1871,-0.1503],[38.197,-0.1433],[38.2069,-0.1422],[38.207,-0.128],[38.2129,-0.1224],[38.2137,-0.1137],[38.2204,-0.1036],[38.2336,-0.0934],[38.2503,-0.0841],[38.2639,-0.0912],[38.273,-0.0923],[38.2799,-0.0824],[38.2876,-0.0843],[38.2904,-0.0754],[38.3015,-0.0661],[38.3091,-0.0515]]]},"properties":{"COUNTY":"Tharaka","Shape_Area":0.21696005387,"Shape_Leng":3.09071650887,"AREA_KM2":2689}},
{"type":"Feature","geometry":{"type":"Polygon","coordinates":[[[35.4348,0.0255],[35.4375,0.0188],[35.4135,0.0052],[35.4037,-0.0245],[35.424,-0.0782],[35.4022,-0.0872],[35.3716,-0.1103],[35.341,-0.1095],[35.3259,-0.1018],[35.3079,-0.0867],[35.2801,-0.0994],[35.2265,-0.1066],[35.2365,-0.1196],[35.2533,-0.1205],[35.2703,-0.1526],[35.2774,-0.1448],[35.2846,-0.1571],[35.2803,-0.166],[35.2894,-0.1651],[35.2957,-0.176],[35.3303,-0.1763],[35.3304,-0.1922],[35.3422,-0.2365],[35.3402,-0.2399],[35.312,-0.2485],[35.3046,-0.2403],[35.2845,-0.236],[35.2703,-0.2377],[35.2593,-0.2297],[35.2606,-0.2233],[35.2498,-0.2133],[35.2449,-0.202],[35.2367,-0.2011],[35.2321,-0.1941],[35.2219,-0.1943],[35.215,-0.1749],[35.198,-0.1631],[35.1869,-0.1602],[35.1842,-0.1653],[35.163,-0.1629],[35.1544,-0.1662],[35.1283,-0.1561],[35.1213,-0.172],[35.1039,-0.2017],[35.0725,-0.2087],[35.0635,-0.2157],[35.0579,-0.2345],[35.0567,-0.2571],[35.0531,-0.2734],[35.0525,-0.2944],[35.032,-0.3121],[35.0082,-0.3387],[35.0093,-0.3703],[35.0129,-0.3789],[35.0123,-0.3914],[35.0214,-0.4059],[35.0196,-0.4124],[35.0317,-0.419],[35.0443,-0.445],[35.0389,-0.4838],[35.0334,-0.485],[35.0333,-0.4978],[35.0514,-0.4996],[35.0579,-0.4918],[35.0732,-0.4899],[35.0797,-0.4765],[35.0972,-0.473],[35.1182,-0.4595],[35.1326,-0.4614],[35.1408,-0.4566],[35.1519,-0.4651],[35.1584,-0.4643],[35.1667,-0.4713],[35.1702,-0.4684],[35.1816,-0.4843],[35.2061,-0.4796],[35.2179,-0.4795],[35.2201,-0.4708],[35.2086,-0.4661],[35.2268,-0.4375],[35.232,-0.4223],[35.2542,-0.4244],[35.2702,-0.4191],[35.2845,-0.4187],[35.2906,-0.4243],[35.3065,-0.4244],[35.3209,-0.4169],[35.3314,-0.4046],[35.3476,-0.4078],[35.3803,-0.4006],[35.3906,-0.4038],[35.3998,-0.4],[35.4095,-0.4051],[35.4188,-0.3932],[35.4359,-0.3771],[35.4441,-0.3741],[35.4511,-0.3654],[35.4125,-0.3024],[35.4546,-0.287],[35.4693,-0.2777],[35.5015,-0.2705],[35.5246,-0.2701],[35.5281,-0.2596],[35.5586,-0.2735],[35.5715,-0.2822],[35.5682,-0.3034],[35.5801,-0.308],[35.584,-0.292],[35.5914,-0.2849],[35.5935,-0.2768],[35.6007,-0.2832],[35.6037,-0.2936],[35.6105,-0.2887],[35.6196,-0.2939],[35.6302,-0.2878],[35.6312,-0.2756],[35.6454,-0.2713],[35.6517,-0.2577],[35.6566,-0.2361],[35.6541,-0.2233],[35.6547,-0.2066],[35.6604,-0.205],[35.6628,-0.1942],[35.6725,-0.1889],[35.6646,-0.1857],[35.6695,-0.1632],[35.6529,-0.1643],[35.6468,-0.1516],[35.629,-0.1534],[35.6246,-0.1505],[35.612,-0.1586],[35.6027,-0.154],[35.6006,-0.1366],[35.5969,-0.129],[35.6127,-0.1106],[35.6223,-0.104],[35.6144,-0.0914],[35.615,-0.0844],[35.6234,-0.0813],[35.6291,-0.0717],[35.6402,-0.061],[35.6346,-0.0542],[35.6384,-0.0503],[35.6322,-0.0361],[35.6102,-0.0325],[35.5825,-0.0078],[35.5434,-0.0085],[35.5228,0.0154],[35.516,0.0159],[35.5136,0.0085],[35.5003,0.01],[35.4937,0.0147],[35.4787,0.0154],[35.4591,0.0106],[35.4579,0.015],[35.4706,0.0199],[35.4652,0.0273],[35.4348,0.0255]]]},"properties":{"COUNTY":"Kericho","Shape_Area":0.170723748,"Shape_Leng":2.97981053749,"AREA_KM2":2116}},
{"type":"Feature","geometry":{"type":"Polygon","coordinates":[[[34.5341,-0.0154],[34.5291,-0.0208],[34.4858,-0.0299],[34.4605,-0.0424],[34.4463,-0.0558],[34.4116,-0.0784],[34.4114,-0.083],[34.426,-0.1305],[34.4834,-0.2993],[34.5324,-0.2717],[34.7064,-0.2581],[34.7546,-0.2895],[34.7601,-0.3136],[34.7683,-0.3098],[34.78,-0.3211],[34.7856,-0.3221],[34.7886,-0.332],[34.7831,-0.3352],[34.7858,-0.3417],[34.7985,-0.3542],[34.8108,-0.3562],[34.8209,-0.3702],[34.8247,-0.3879],[34.8397,-0.3922],[34.8569,-0.3919],[34.886,-0.3972],[34.9152,-0.3852],[34.9146,-0.4032],[34.9285,-0.4026],[34.9292,-0.4115],[34.9494,-0.4157],[34.9679,-0.4133],[34.9751,-0.4095],[34.9824,-0.4135],[34.9975,-0.4043],[35.0036,-0.404],[35.0123,-0.3914],[35.0129,-0.3789],[35.0093,-0.3703],[35.0082,-0.3387],[35.032,-0.3121],[35.0525,-0.2944],[35.0531,-0.2734],[35.0567,-0.2571],[35.0579,-0.2345],[35.0635,-0.2157],[35.0725,-0.2087],[35.1039,-0.2017],[35.1213,-0.172],[35.1283,-0.1561],[35.1544,-0.1662],[35.163,-0.1629],[35.1842,-0.1653],[35.1869,-0.1602],[35.198,-0.1631],[35.215,-0.1749],[35.2219,-0.1943],[35.2321,-0.1941],[35.2367,-0.2011],[35.2449,-0.202],[35.2498,-0.2133],[35.2606,-0.2233],[35.2593,-0.2297],[35.2703,-0.2377],[35.2845,-0.236],[35.3046,-0.2403],[35.312,-0.2485],[35.3402,-0.2399],[35.3422,-0.2365],[35.3304,-0.1922],[35.3303,-0.1763],[35.2957,-0.176],[35.2894,-0.1651],[35.2803,-0.166],[35.2846,-0.1571],[35.2774,-0.1448],[35.2703,-0.1526],[35.2533,-0.1205],[35.2365,-0.1196],[35.2265,-0.1066],[35.2265,-0.0677],[35.2212,-0.0391],[35.1994,-0.0274],[35.1838,-0.0302],[35.1771,-0.0285],[35.1579,-0.0371],[35.1438,-0.0322],[35.1003,-0.0037],[35.1022,-0.0243],[35.0949,-0.0318],[35.0917,-0.0446],[35.0742,-0.0553],[35.0656,-0.0688],[35.05,-0.0356],[35.0326,-0.0352],[35.0068,-0.0296],[34.9894,-0.0201],[34.9898,-0.0248],[34.9788,-0.0246],[34.9646,-0.0323],[34.9579,-0.0265],[34.9552,-0.031],[34.9237,-0.0367],[34.9212,-0.0268],[34.9061,-0.0293],[34.8916,-0.0256],[34.88,-0.0274],[34.8267,-0.0285],[34.809,-0.0228],[34.8031,-0.0167],[34.8307,0.0239],[34.8187,0.0219],[34.8098,0.0112],[34.8034,0.0101],[34.7834,-0.0134],[34.781,-0.0214],[34.7747,-0.0172],[34.7627,-0.0179],[34.7551,-0.033],[34.7471,-0.0247],[34.7399,-0.0258],[34.7276,-0.0065],[34.7149,-0.0104],[34.7086,-0.0215],[34.6942,-0.0208],[34.6862,-0.0263],[34.6925,-0.0148],[34.6906,-0.0106],[34.672,-0.0158],[34.6603,-0.0135],[34.6542,-0.0066],[34.6375,-0.0007],[34.6139,-0.0007],[34.6038,0.0124],[34.5889,0.0012],[34.5921,-0.0073],[34.5878,-0.0106],[34.5825,-0.0312],[34.5649,-0.0401],[34.5606,-0.034],[34.5636,-0.0163],[34.5548,-0.0155],[34.5504,-0.0216],[34.5341,-0.0154]]]},"properties":{"COUNTY":"Kisumu","Shape_Area":0.21729143266,"Shape_Leng":3.11522293593,"AREA_KM2":2693}},
{"type":"Feature","geometry":{"type":"Polygon","coordinates":[[[37.3078,-0.1511],[37.1354,-0.0413],[37.1305,-0.0369],[37.1237,-0.0545],[37.1144,-0.041],[37.0878,-0.0168],[37.0761,-0.0018],[37.0769,0.0098],[37.0711,0.0009],[37.0632,0.0019],[37.0263,-0.0444],[37.0244,-0.0491],[36.9978,-0.0643],[36.9779,-0.0701],[36.9765,-0.0799],[36.9804,-0.0971],[36.983,-0.1321],[36.9938,-0.1457],[37.0069,-0.1507],[37.0044,-0.1768],[37.0168,-0.1808],[37.007,-0.2212],[37.0116,-0.2318],[37.0012,-0.2488],[36.9881,-0.2557],[36.9958,-0.2713],[36.9854,-0.2962],[36.9612,-0.2847],[36.8778,-0.2603],[36.8688,-0.249],[36.8547,-0.2543],[36.841,-0.216],[36.8376,-0.1977],[36.8498,-0.1978],[36.869,-0.18],[36.8625,-0.1598],[36.8566,-0.1549],[36.8596,-0.1435],[36.8437,-0.1374],[36.829,-0.1357],[36.8291,-0.1036],[36.7907,-0.1068],[36.7649,-0.1147],[36.7632,-0.1093],[36.7522,-0.1208],[36.7159,-0.1296],[36.7108,-0.1367],[36.6575,-0.1531],[36.6859,-0.1745],[36.6787,-0.1744],[36.682,-0.1855],[36.6125,-0.3115],[36.6063,-0.3348],[36.608,-0.3462],[36.6133,-0.3545],[36.6024,-0.3674],[36.6018,-0.3756],[36.6252,-0.3832],[36.6304,-0.3895],[36.6219,-0.4016],[36.6356,-0.4197],[36.6503,-0.4359],[36.6478,-0.4601],[36.6624,-0.4653],[36.6641,-0.4803],[36.659,-0.4916],[36.6546,-0.5167],[36.6612,-0.5251],[36.6604,-0.5345],[36.6659,-0.5453],[36.6675,-0.5716],[36.679,-0.5809],[36.68,-0.5967],[36.6902,-0.6134],[36.7041,-0.6287],[36.7084,-0.608],[36.7047,-0.5902],[36.7211,-0.5717],[36.7338,-0.5667],[36.7379,-0.5704],[36.7807,-0.5669],[36.7868,-0.5705],[36.8033,-0.5703],[36.8094,-0.5793],[36.8379,-0.5955],[36.8445,-0.5937],[36.8601,-0.6081],[36.8757,-0.6071],[36.8837,-0.6113],[36.8935,-0.6088],[36.9213,-0.6093],[36.9213,-0.6044],[36.9665,-0.5866],[36.9768,-0.5796],[36.9891,-0.577],[36.9951,-0.5837],[37.0151,-0.5847],[37.0266,-0.5916],[37.0481,-0.5947],[37.0584,-0.6097],[37.0655,-0.6104],[37.0855,-0.6233],[37.1016,-0.6299],[37.1004,-0.6366],[37.1226,-0.6436],[37.1407,-0.6381],[37.1527,-0.6405],[37.1551,-0.6356],[37.1691,-0.6356],[37.1764,-0.6333],[37.1723,-0.6274],[37.1781,-0.6151],[37.1772,-0.6006],[37.1681,-0.5916],[37.1592,-0.5918],[37.1489,-0.5804],[37.1441,-0.5703],[37.1496,-0.5542],[37.1464,-0.5343],[37.168,-0.5071],[37.1607,-0.4942],[37.1768,-0.4829],[37.1747,-0.4682],[37.1746,-0.4433],[37.1937,-0.4431],[37.1997,-0.439],[37.2002,-0.4287],[37.2051,-0.4178],[37.3078,-0.1511]]]},"properties":{"COUNTY":"Nyeri","Shape_Area":0.27085714709,"Shape_Leng":3.05034889397,"AREA_KM2":3357}},
{"type":"Feature","geometry":{"type":"Polygon","coordinates":[[[38.7687,-0.0687],[38.7594,-0.0721],[38.7401,-0.0694],[38.7292,-0.0628],[38.7172,-0.0609],[38.6984,-0.0491],[38.6913,-0.0399],[38.6857,-0.0525],[38.6788,-0.0532],[38.657,-0.0451],[38.6498,-0.0518],[38.6384,-0.0515],[38.6156,-0.0302],[38.6041,-0.0327],[38.5893,-0.0247],[38.5699,-0.0174],[38.5502,-0.0174],[38.5428,-0.0308],[38.5419,-0.0406],[38.5312,-0.042],[38.5318,-0.0539],[38.5199,-0.0627],[38.5125,-0.059],[38.5008,-0.0618],[38.4909,-0.0587],[38.4811,-0.0755],[38.464,-0.0832],[38.454,-0.0842],[38.4382,-0.0702],[38.4342,-0.0748],[38.8298,-0.7602],[38.9534,-1.0318],[38.9567,-1.078],[38.9997,-1.6769],[38.9824,-1.6946],[38.9774,-1.6934],[38.9585,-1.7028],[39.0151,-1.914],[38.7952,-2.3397],[38.7872,-2.3421],[38.7809,-2.3537],[38.7692,-2.3525],[38.7368,-2.366],[38.732,-2.378],[38.7171,-2.3882],[38.7137,-2.3956],[38.6844,-2.4133],[38.6456,-2.4178],[38.6322,-2.4152],[38.6265,-2.4105],[39.0751,-3.0411],[39.0824,-3.0525],[39.0871,-3.0431],[39.1013,-3.0367],[39.1109,-3.0244],[39.129,-3.0208],[39.133,-3.0421],[39.1398,-3.0415],[39.1426,-3.0491],[39.1527,-3.0468],[39.1694,-3.0643],[39.1739,-3.0567],[39.1826,-3.0633],[39.196,-3.0611],[39.2024,-3.0656],[39.2161,-3.0656],[39.2178,-3.0683],[39.2171,-3.071],[39.217,-3.0721],[39.2171,-3.0724],[39.2174,-3.0729],[39.2185,-3.0692],[39.8897,-2.3101],[40.1756,-2.7135],[40.1775,-2.7162],[40.179,-2.7184],[40.1821,-2.7108],[40.1905,-2.7052],[40.1833,-2.6988],[40.175,-2.7021],[40.1819,-2.6816],[40.202,-2.6795],[40.2047,-2.6912],[40.2028,-2.7012],[40.193,-2.7125],[40.1983,-2.7126],[40.1938,-2.7224],[40.1972,-2.7318],[40.2128,-2.7053],[40.2333,-2.6777],[40.2619,-2.6493],[40.2599,-2.6429],[40.2671,-2.6379],[40.2702,-2.6295],[40.2826,-2.6228],[40.2905,-2.6131],[40.3048,-2.6065],[40.3395,-2.5839],[40.3407,-2.5872],[40.2996,-2.614],[40.2917,-2.6159],[40.281,-2.6293],[40.2734,-2.6288],[40.2676,-2.6427],[40.3072,-2.6114],[40.3455,-2.5875],[40.3993,-2.561],[40.4381,-2.5445],[40.4551,-2.5386],[40.4892,-2.5307],[40.514,-2.529],[40.5128,-2.5246],[40.4956,-2.5188],[40.4751,-2.5296],[40.4542,-2.5362],[40.4443,-2.5319],[40.4443,-2.524],[40.4544,-2.5223],[40.4589,-2.5068],[40.4634,-2.5027],[40.469,-2.5104],[40.4732,-2.5022],[40.4845,-2.4942],[40.4935,-2.4934],[40.4925,-2.5001],[40.5002,-2.5046],[40.5022,-2.4938],[40.5131,-2.4986],[40.5156,-2.5066],[40.5082,-2.5175],[40.5167,-2.5191],[40.5322,-2.5321],[40.5477,-2.5339],[40.5668,-2.5466],[40.5989,-2.5566],[40.6069,-2.5574],[40.62,-2.5504],[40.6438,-2.5328],[40.6739,-2.4961],[40.6979,-2.4768],[40.7306,-2.456],[40.6636,-2.4679],[40.4407,-2.3975],[40.2494,-2.3981],[40.2494,-2.2488],[40.2079,-2.0329],[40.2046,-2.0153],[40.1964,-1.9978],[40.1976,-1.9838],[40.186,-1.9598],[40.1893,-1.9315],[40.1865,-1.8942],[40.1887,-1.877],[40.1875,-1.8629],[40.1763,-1.8435],[40.1655,-1.831],[40.163,-1.8234],[40.1622,-1.8],[40.1589,-1.783],[40.1579,-1.7617],[40.1691,-1.7355],[40.1708,-1.7239],[40.1593,-1.7018],[40.1578,-1.6941],[40.1601,-1.6536],[40.1592,-1.6342],[40.154,-1.6078],[40.1433,-1.5864],[40.1261,-1.5702],[40.1149,-1.5529],[40.1066,-1.5217],[40.1051,-1.5079],[40.0893,-1.4817],[40.0873,-1.4743],[40.0709,-1.4709],[40.0388,-1.4908],[40.0314,-1.4823],[40.0378,-1.4819],[40.032,-1.4627],[40.0343,-1.4326],[40.0312,-1.4243],[40.0245,-1.4221],[40.022,-1.401],[40.0125,-1.3816],[40.0146,-1.3763],[40.0094,-1.3603],[40.0023,-1.3614],[40.001,-1.3481],[40.0106,-1.3278],[40.0038,-1.3227],[39.9974,-1.2985],[40.0036,-1.295],[39.9993,-1.2844],[40.0057,-1.2803],[40.0047,-1.2699],[40.0118,-1.2647],[40.0087,-1.2572],[40.0013,-1.2547],[40.0084,-1.242],[39.9967,-1.2395],[39.996,-1.2283],[40.0004,-1.2152],[39.9911,-1.2128],[39.9893,-1.2025],[39.9809,-1.2037],[39.981,-1.1932],[39.9727,-1.1863],[39.9623,-1.1662],[39.9608,-1.1531],[39.9535,-1.1423],[39.9462,-1.14],[39.9438,-1.1311],[39.9324,-1.1291],[39.9324,-1.1109],[39.9295,-1.1052],[39.9259,-1.0777],[39.9208,-1.0787],[39.9136,-1.0648],[39.9161,-1.0566],[39.9083,-1.0513],[39.9127,-1.0425],[39.899,-1.0281],[39.8962,-1.015],[39.8985,-1.0068],[39.8895,-1.0057],[39.8857,-0.9951],[39.8915,-0.9907],[39.8855,-0.9793],[39.8921,-0.9714],[39.8803,-0.9693],[39.8785,-0.9596],[39.8822,-0.9514],[39.8699,-0.9592],[39.8708,-0.9438],[39.8785,-0.9367],[39.8715,-0.9275],[39.8607,-0.9261],[39.8646,-0.9173],[39.8522,-0.8956],[39.8509,-0.8854],[39.8586,-0.884],[39.8587,-0.877],[39.8512,-0.8711],[39.8568,-0.8606],[39.8587,-0.8485],[39.8487,-0.8429],[39.8447,-0.8535],[39.8377,-0.8361],[39.8448,-0.8402],[39.8448,-0.8185],[39.8367,-0.8133],[39.8422,-0.8061],[39.8382,-0.8021],[39.8268,-0.8047],[39.8258,-0.7998],[39.8346,-0.796],[39.8243,-0.7915],[39.8275,-0.7812],[39.8087,-0.7712],[39.8155,-0.7651],[39.8085,-0.7596],[39.8168,-0.7557],[39.8153,-0.7488],[39.8217,-0.746],[39.8212,-0.739],[39.8085,-0.7367],[39.8053,-0.727],[39.8112,-0.7288],[39.8101,-0.7039],[39.805,-0.7046],[39.7976,-0.6903],[39.7959,-0.6788],[39.8,-0.6717],[39.7922,-0.6727],[39.789,-0.6604],[39.7803,-0.6627],[39.7817,-0.6521],[39.7696,-0.6339],[39.7754,-0.6123],[39.7507,-0.6049],[39.7389,-0.594],[39.7365,-0.5878],[39.7309,-0.5936],[39.6969,-0.5916],[39.6998,-0.5818],[39.6932,-0.5858],[39.6927,-0.5785],[39.6856,-0.5744],[39.6868,-0.5523],[39.6734,-0.5549],[39.6735,-0.5483],[39.663,-0.5482],[39.6614,-0.5378],[39.6686,-0.5316],[39.6475,-0.5165],[39.6409,-0.5082],[39.64,-0.4955],[39.6306,-0.4899],[39.6291,-0.4698],[39.6349,-0.4567],[39.6103,-0.4373],[39.613,-0.428],[39.6133,-0.4088],[39.6038,-0.4098],[39.6035,-0.3968],[39.5981,-0.3943],[39.5978,-0.3797],[39.5932,-0.3769],[39.5981,-0.3674],[39.5947,-0.3565],[39.5847,-0.3405],[39.5628,-0.3292],[39.5539,-0.3167],[39.5477,-0.2954],[39.5401,-0.2901],[39.5342,-0.294],[39.5258,-0.2868],[39.5145,-0.2991],[39.5122,-0.2945],[39.5176,-0.284],[39.51,-0.2773],[39.4979,-0.2483],[39.4771,-0.2415],[39.4702,-0.2338],[39.4712,-0.2267],[39.4544,-0.2117],[39.4449,-0.2098],[39.4273,-0.1898],[39.4074,-0.1905],[39.4002,-0.1954],[39.398,-0.1889],[39.3841,-0.1905],[39.3641,-0.1641],[39.3536,-0.1677],[39.3543,-0.1612],[39.338,-0.1669],[39.3326,-0.1565],[39.3247,-0.1578],[39.3278,-0.1474],[39.3144,-0.1335],[39.3062,-0.1393],[39.2938,-0.1364],[39.2836,-0.1412],[39.2774,-0.1374],[39.2643,-0.1405],[39.2573,-0.1465],[39.2537,-0.1388],[39.248,-0.1416],[39.2269,-0.1379],[39.2277,-0.1306],[39.2151,-0.132],[39.2014,-0.1427],[39.1814,-0.1352],[39.1728,-0.1373],[39.1658,-0.1271],[39.1532,-0.1268],[39.1341,-0.1297],[39.1316,-0.1188],[39.121,-0.121],[39.1201,-0.1101],[39.1017,-0.0982],[39.0979,-0.088],[39.0872,-0.0796],[39.0741,-0.0648],[39.0668,-0.0473],[39.0493,-0.0526],[39.0326,-0.0522],[39.0232,-0.0428],[39.0165,-0.0444],[39.0085,-0.0548],[38.9995,-0.0495],[38.9846,-0.0601],[38.97,-0.0612],[38.967,-0.0823],[38.9548,-0.086],[38.9398,-0.099],[38.9324,-0.0989],[38.9221,-0.0871],[38.9007,-0.0954],[38.8832,-0.0963],[38.8604,-0.0917],[38.8456,-0.0942],[38.8288,-0.0922],[38.8106,-0.0842],[38.7884,-0.0794],[38.7687,-0.0687]]]},"properties":{"COUNTY":"Tana River","Shape_Area":3.07410718428,"Shape_Leng":11.6030806671,"AREA_KM2":38095}},
{"type":"Feature","geometry":{"type":"Polygon","coordinates":[[[38.4342,-0.0748],[38.4207,-0.0693],[38.4035,-0.0749],[38.3916,-0.0735],[38.388,-0.0821],[38.3815,-0.0855],[38.3469,-0.0614],[38.3268,-0.0633],[38.3197,-0.0552],[38.3091,-0.0515],[38.3015,-0.0661],[38.2904,-0.0754],[38.2876,-0.0843],[38.2799,-0.0824],[38.273,-0.0923],[38.2639,-0.0912],[38.2503,-0.0841],[38.2336,-0.0934],[38.2204,-0.1036],[38.2137,-0.1137],[38.2129,-0.1224],[38.207,-0.128],[38.2069,-0.1422],[38.197,-0.1433],[38.1871,-0.1503],[38.1819,-0.1893],[38.1635,-0.2218],[38.1589,-0.2374],[38.1421,-0.2406],[38.1354,-0.2562],[38.1133,-0.2753],[38.1025,-0.2784],[38.0879,-0.2738],[38.0457,-0.2753],[38.0315,-0.273],[38.027,-0.2686],[38.0003,-0.265],[37.9934,-0.2754],[37.9931,-0.2853],[37.9876,-0.2925],[37.9799,-0.3106],[37.9857,-0.3174],[37.972,-0.3447],[37.9778,-0.3548],[37.9681,-0.3647],[37.9741,-0.3706],[37.9702,-0.3806],[37.9696,-0.3962],[37.9649,-0.401],[37.9646,-0.4116],[37.9512,-0.4256],[37.9365,-0.4273],[37.929,-0.448],[37.9134,-0.4661],[37.9009,-0.4965],[37.8927,-0.5087],[37.8823,-0.5332],[37.8873,-0.5532],[37.8835,-0.5826],[37.9013,-0.5965],[37.9011,-0.6007],[37.9217,-0.6227],[37.9063,-0.6383],[37.893,-0.6447],[37.8963,-0.6685],[37.8948,-0.6803],[37.9039,-0.6847],[37.8986,-0.7034],[37.9003,-0.7092],[37.9119,-0.7076],[37.9155,-0.728],[37.9094,-0.7469],[37.8992,-0.7612],[37.891,-0.7664],[37.8925,-0.7779],[37.8849,-0.7801],[37.8806,-0.79],[37.8835,-0.802],[37.8706,-0.8096],[37.8455,-0.8098],[37.8491,-0.8312],[37.8414,-0.8343],[37.8448,-0.8403],[37.8376,-0.8436],[37.832,-0.8528],[37.8272,-0.8716],[37.8209,-0.881],[37.825,-0.8902],[37.8204,-0.8989],[37.8291,-0.9002],[37.8427,-0.9265],[37.8507,-0.9311],[37.8467,-0.946],[37.8541,-0.9582],[37.8451,-0.9634],[37.8627,-0.9674],[37.8656,-0.9805],[37.8542,-0.9853],[37.8465,-0.995],[37.8495,-1.0047],[37.8467,-1.0413],[37.8303,-1.0679],[37.8194,-1.0702],[37.8176,-1.0798],[37.8068,-1.0933],[37.8069,-1.0973],[37.7965,-1.1271],[37.7382,-1.0775],[37.594,-1.0859],[37.5969,-1.1472],[37.6115,-1.142],[37.623,-1.1476],[37.6381,-1.1694],[37.6491,-1.1974],[37.6548,-1.201],[37.6647,-1.2199],[37.6758,-1.2325],[37.6842,-1.2345],[37.6914,-1.249],[37.6967,-1.269],[37.7019,-1.2725],[37.7133,-1.2992],[37.7232,-1.3159],[37.7316,-1.3401],[37.7369,-1.3415],[37.7447,-1.3564],[37.7648,-1.3544],[37.7748,-1.3609],[37.7799,-1.3707],[37.788,-1.3758],[37.7959,-1.3873],[37.7975,-1.3953],[37.8036,-1.3945],[37.8118,-1.4267],[37.8133,-1.4402],[37.8191,-1.4473],[37.8101,-1.4473],[37.7989,-1.4541],[37.7801,-1.4707],[37.7779,-1.4796],[37.7705,-1.4867],[37.7508,-1.4898],[37.7349,-1.4962],[37.7097,-1.4887],[37.7019,-1.4903],[37.6946,-1.4986],[37.702,-1.5087],[37.7107,-1.5082],[37.7326,-1.5423],[37.7425,-1.5533],[37.7483,-1.5539],[37.7533,-1.5664],[37.7603,-1.577],[37.7712,-1.5829],[37.7828,-1.6094],[37.7913,-1.62],[37.8034,-1.6426],[37.8003,-1.6483],[37.8219,-1.6696],[37.8194,-1.6784],[37.831,-1.6823],[37.8368,-1.6907],[37.8351,-1.7106],[37.8429,-1.7115],[37.8443,-1.7231],[37.8493,-1.7301],[37.8549,-1.7544],[37.8502,-1.769],[37.8403,-1.7679],[37.8377,-1.7792],[37.8472,-1.7979],[37.8787,-1.831],[37.8861,-1.8336],[37.8915,-1.842],[37.8834,-1.8518],[37.8864,-1.8591],[37.9001,-1.8637],[37.8979,-1.8678],[37.9057,-1.8919],[37.9044,-1.9026],[37.9166,-1.9026],[37.9162,-1.91],[37.9094,-1.9206],[37.9076,-1.9324],[37.9137,-1.942],[37.9125,-1.9543],[37.9283,-1.9972],[37.9351,-2.0005],[37.9413,-2.0209],[37.9364,-2.0305],[37.9486,-2.0352],[37.9529,-2.0468],[37.952,-2.0569],[37.9583,-2.0701],[37.9541,-2.1056],[37.9524,-2.1331],[37.9604,-2.1405],[37.9628,-2.1653],[38.0199,-2.1461],[38.0263,-2.1609],[38.0483,-2.1685],[38.0462,-2.1788],[38.052,-2.1845],[38.0578,-2.2055],[38.0671,-2.215],[38.07,-2.2483],[38.0744,-2.2599],[38.0804,-2.2588],[38.0864,-2.2704],[38.0963,-2.2703],[38.0979,-2.2766],[38.1103,-2.2843],[38.1088,-2.2998],[38.114,-2.3012],[38.1152,-2.3101],[38.1233,-2.3177],[38.146,-2.3208],[38.1493,-2.3255],[38.1743,-2.3384],[38.1871,-2.3394],[38.1992,-2.3531],[38.2107,-2.3541],[38.2217,-2.3981],[38.2308,-2.4],[38.2361,-2.4087],[38.2449,-2.4087],[38.253,-2.4201],[38.2737,-2.4236],[38.2817,-2.4511],[38.2867,-2.4809],[38.2953,-2.4865],[38.301,-2.4984],[38.3103,-2.501],[38.3107,-2.511],[38.3165,-2.5158],[38.3205,-2.5304],[38.3214,-2.5465],[38.3376,-2.5561],[38.3308,-2.5621],[38.3379,-2.5849],[38.3469,-2.5893],[38.3614,-2.6288],[38.3661,-2.6481],[38.382,-2.6634],[38.3885,-2.6909],[38.396,-2.7062],[38.4133,-2.7506],[38.4198,-2.7586],[38.4305,-2.7914],[38.424,-2.7945],[38.418,-2.8107],[38.4255,-2.8172],[38.431,-2.839],[38.4272,-2.8495],[38.4375,-2.8549],[38.4375,-2.8628],[38.445,-2.8682],[38.4441,-2.8802],[38.4518,-2.8788],[38.4518,-2.894],[38.4607,-2.8962],[38.4745,-2.9284],[38.4759,-2.9367],[38.4879,-2.9368],[38.4919,-2.9538],[38.5046,-2.9648],[38.5107,-2.9656],[38.5191,-2.9748],[38.539,-2.9737],[38.5448,-2.9796],[38.5642,-2.9866],[38.5849,-2.9877],[38.5942,-2.9986],[38.6101,-2.9959],[38.6093,-3.0065],[38.6313,-3.0123],[38.6439,-3.0129],[38.6541,-3.0251],[38.6615,-3.0288],[38.6652,-3.0394],[38.6846,-3.0354],[38.6969,-3.0369],[38.7082,-3.0321],[38.7277,-3.0383],[38.7335,-3.0425],[38.7566,-3.0461],[38.7726,-3.0439],[38.7802,-3.0488],[38.7893,-3.0484],[38.8095,-3.0533],[38.8069,-3.0594],[38.7979,-3.061],[38.8016,-3.0675],[38.8213,-3.0656],[38.8359,-3.0594],[38.8413,-3.0535],[38.8474,-3.0609],[38.8644,-3.0571],[38.8936,-3.0385],[38.9167,-3.0445],[38.9315,-3.0404],[38.9371,-3.0346],[38.9523,-3.0392],[38.9806,-3.0393],[38.9903,-3.0268],[39.0149,-3.0246],[39.0273,-3.0204],[39.0343,-3.0242],[39.0439,-3.0216],[39.0447,-3.031],[39.0537,-3.0335],[39.0608,-3.0407],[39.0751,-3.0411],[38.6265,-2.4105],[38.6322,-2.4152],[38.6456,-2.4178],[38.6844,-2.4133],[38.7137,-2.3956],[38.7171,-2.3882],[38.732,-2.378],[38.7368,-2.366],[38.7692,-2.3525],[38.7809,-2.3537],[38.7872,-2.3421],[38.7952,-2.3397],[39.0151,-1.914],[38.9585,-1.7028],[38.9774,-1.6934],[38.9824,-1.6946],[38.9997,-1.6769],[38.9567,-1.078],[38.9534,-1.0318],[38.8298,-0.7602],[38.4342,-0.0748]]]},"properties":{"COUNTY":"Kitui","Shape_Area":2.48347730827,"Shape_Leng":9.02866841404,"AREA_KM2":30776}},
{"type":"Feature","geometry":{"type":"Polygon","coordinates":[[[37.2673,-0.7853],[37.2664,-0.7774],[37.2752,-0.7556],[37.2981,-0.7539],[37.3062,-0.7489],[37.3172,-0.7494],[37.3238,-0.7621],[37.3443,-0.7693],[37.3589,-0.7689],[37.3826,-0.7554],[37.4007,-0.7491],[37.4176,-0.7486],[37.4389,-0.7336],[37.4619,-0.7363],[37.4627,-0.7307],[37.473,-0.7261],[37.4919,-0.7333],[37.4959,-0.7318],[37.4867,-0.7178],[37.479,-0.7153],[37.4768,-0.707],[37.4791,-0.694],[37.4739,-0.6856],[37.4775,-0.6687],[37.4724,-0.6545],[37.4779,-0.6406],[37.4789,-0.6275],[37.486,-0.6236],[37.4871,-0.6141],[37.4761,-0.6007],[37.4829,-0.5819],[37.4771,-0.5768],[37.473,-0.5606],[37.4614,-0.5567],[37.4595,-0.5508],[37.4503,-0.5493],[37.4438,-0.5285],[37.4327,-0.521],[37.4246,-0.5038],[37.428,-0.4959],[37.4223,-0.4816],[37.4263,-0.4667],[37.4261,-0.4511],[37.4209,-0.4434],[37.4246,-0.4343],[37.4234,-0.4088],[37.4146,-0.3943],[37.3078,-0.1511],[37.2051,-0.4178],[37.2002,-0.4287],[37.1997,-0.439],[37.1937,-0.4431],[37.1746,-0.4433],[37.1747,-0.4682],[37.1768,-0.4829],[37.1607,-0.4942],[37.168,-0.5071],[37.1464,-0.5343],[37.1496,-0.5542],[37.1441,-0.5703],[37.1489,-0.5804],[37.1592,-0.5918],[37.1681,-0.5916],[37.1772,-0.6006],[37.1781,-0.6151],[37.1723,-0.6274],[37.1764,-0.6333],[37.1691,-0.6356],[37.1694,-0.649],[37.1766,-0.6536],[37.1791,-0.6667],[37.1997,-0.6638],[37.212,-0.6883],[37.2226,-0.676],[37.2362,-0.6671],[37.2361,-0.6757],[37.2443,-0.6982],[37.2438,-0.7074],[37.2543,-0.7208],[37.2514,-0.7262],[37.2641,-0.7428],[37.2616,-0.7468],[37.2688,-0.7552],[37.2567,-0.7524],[37.2617,-0.7807],[37.2673,-0.7853]]]},"properties":{"COUNTY":"Kirinyaga","Shape_Area":0.12000980204,"Shape_Leng":1.87454737159,"AREA_KM2":1487}},
{"type":"Feature","geometry":{"type":"Polygon","coordinates":[[[37.9365,-0.4273],[37.927,-0.4273],[37.9202,-0.4213],[37.9222,-0.4164],[37.9089,-0.4137],[37.9007,-0.4045],[37.9017,-0.3973],[37.8913,-0.3933],[37.8906,-0.3827],[37.8966,-0.3776],[37.8957,-0.3685],[37.8897,-0.3641],[37.8948,-0.3515],[37.8905,-0.3448],[37.8735,-0.3493],[37.8705,-0.3654],[37.8652,-0.3696],[37.8665,-0.3814],[37.8521,-0.389],[37.8455,-0.4032],[37.832,-0.4042],[37.8291,-0.4121],[37.8163,-0.4217],[37.8146,-0.4272],[37.785,-0.4463],[37.7582,-0.4484],[37.7476,-0.4448],[37.736,-0.446],[37.732,-0.4502],[37.7209,-0.45],[37.712,-0.4423],[37.694,-0.4376],[37.6828,-0.4263],[37.662,-0.4212],[37.6437,-0.4048],[37.637,-0.3928],[37.631,-0.3891],[37.6018,-0.3831],[37.5712,-0.3631],[37.5626,-0.3652],[37.5538,-0.3599],[37.3078,-0.1511],[37.4146,-0.3943],[37.4234,-0.4088],[37.4246,-0.4343],[37.4209,-0.4434],[37.4261,-0.4511],[37.4263,-0.4667],[37.4223,-0.4816],[37.428,-0.4959],[37.4246,-0.5038],[37.4327,-0.521],[37.4438,-0.5285],[37.4503,-0.5493],[37.4595,-0.5508],[37.4614,-0.5567],[37.473,-0.5606],[37.4771,-0.5768],[37.4829,-0.5819],[37.4761,-0.6007],[37.4871,-0.6141],[37.486,-0.6236],[37.4789,-0.6275],[37.4779,-0.6406],[37.4724,-0.6545],[37.4775,-0.6687],[37.4739,-0.6856],[37.4791,-0.694],[37.4768,-0.707],[37.479,-0.7153],[37.4867,-0.7178],[37.4959,-0.7318],[37.4919,-0.7333],[37.473,-0.7261],[37.4627,-0.7307],[37.4619,-0.7363],[37.4389,-0.7336],[37.4176,-0.7486],[37.4007,-0.7491],[37.3826,-0.7554],[37.3589,-0.7689],[37.3443,-0.7693],[37.3238,-0.7621],[37.3172,-0.7494],[37.3062,-0.7489],[37.2981,-0.7539],[37.2752,-0.7556],[37.2664,-0.7774],[37.2673,-0.7853],[37.286,-0.783],[37.2948,-0.7939],[37.3045,-0.8001],[37.3052,-0.8122],[37.3206,-0.836],[37.3284,-0.8442],[37.3367,-0.8465],[37.3428,-0.842],[37.3618,-0.8442],[37.3767,-0.8509],[37.3804,-0.8573],[37.3853,-0.852],[37.3988,-0.8558],[37.4121,-0.8503],[37.4132,-0.8611],[37.427,-0.8659],[37.4316,-0.8623],[37.4427,-0.8638],[37.447,-0.8703],[37.4663,-0.8728],[37.4742,-0.8767],[37.4711,-0.8849],[37.4781,-0.8945],[37.4967,-0.9049],[37.5053,-0.8973],[37.5173,-0.9019],[37.5178,-0.9124],[37.5344,-0.9101],[37.5337,-0.8938],[37.5461,-0.8815],[37.5516,-0.8825],[37.5625,-0.8733],[37.567,-0.8784],[37.5768,-0.8748],[37.5875,-0.8763],[37.5927,-0.8599],[37.6039,-0.8591],[37.6065,-0.853],[37.6274,-0.8499],[37.6293,-0.8381],[37.636,-0.8369],[37.64,-0.843],[37.6459,-0.8407],[37.6575,-0.8455],[37.6658,-0.8439],[37.6721,-0.8273],[37.6815,-0.8213],[37.6819,-0.7949],[37.6924,-0.7934],[37.6988,-0.7831],[37.7138,-0.7787],[37.7253,-0.7788],[37.7315,-0.7739],[37.7416,-0.7761],[37.7469,-0.7852],[37.75,-0.802],[37.7584,-0.8219],[37.7713,-0.8188],[37.7811,-0.8237],[37.7952,-0.8163],[37.8043,-0.8007],[37.8071,-0.8132],[37.8194,-0.8037],[37.8288,-0.8045],[37.8333,-0.8118],[37.8455,-0.8098],[37.8706,-0.8096],[37.8835,-0.802],[37.8806,-0.79],[37.8849,-0.7801],[37.8925,-0.7779],[37.891,-0.7664],[37.8992,-0.7612],[37.9094,-0.7469],[37.9155,-0.728],[37.9119,-0.7076],[37.9003,-0.7092],[37.8986,-0.7034],[37.9039,-0.6847],[37.8948,-0.6803],[37.8963,-0.6685],[37.893,-0.6447],[37.9063,-0.6383],[37.9217,-0.6227],[37.9011,-0.6007],[37.9013,-0.5965],[37.8835,-0.5826],[37.8873,-0.5532],[37.8823,-0.5332],[37.8927,-0.5087],[37.9009,-0.4965],[37.9134,-0.4661],[37.929,-0.448],[37.9365,-0.4273]]]},"properties":{"COUNTY":"Embu","Shape_Area":0.22966756697,"Shape_Leng":3.33914763874,"AREA_KM2":2846}},
{"type":"Feature","geometry":{"type":"Polygon","coordinates":[[[34.4834,-0.2993],[34.4224,-0.3336],[34.324,-0.4177],[34.3166,-0.4229],[34.2993,-0.4252],[34.2893,-0.4207],[34.2793,-0.4087],[34.2398,-0.3375],[33.9477,-0.3372],[33.9281,-0.4548],[33.92,-0.5618],[33.9282,-0.8024],[34.081,-0.8024],[34.0969,-0.7823],[34.1128,-0.778],[34.123,-0.783],[34.1357,-0.7725],[34.139,-0.7784],[34.1559,-0.766],[34.1642,-0.7723],[34.1767,-0.7683],[34.1786,-0.76],[34.1912,-0.7651],[34.202,-0.7504],[34.2124,-0.7676],[34.2321,-0.7817],[34.2352,-0.7903],[34.2504,-0.8106],[34.2641,-0.8141],[34.2768,-0.8253],[34.284,-0.8263],[34.2952,-0.8371],[34.3193,-0.8651],[34.3353,-0.8613],[34.3367,-0.8549],[34.3691,-0.8511],[34.3715,-0.8452],[34.3818,-0.8461],[34.3925,-0.8268],[34.3863,-0.8161],[34.3908,-0.8147],[34.4326,-0.8374],[34.4637,-0.8617],[34.4763,-0.8306],[34.4968,-0.8098],[34.4867,-0.7927],[34.4853,-0.7845],[34.4925,-0.7825],[34.5065,-0.77],[34.5023,-0.7649],[34.5165,-0.7596],[34.5249,-0.761],[34.5363,-0.7416],[34.5397,-0.7259],[34.5397,-0.7061],[34.5457,-0.6897],[34.5485,-0.6902],[34.5562,-0.6703],[34.5718,-0.663],[34.5853,-0.6597],[34.5876,-0.6534],[34.6046,-0.6517],[34.6273,-0.6583],[34.6377,-0.6651],[34.6445,-0.6335],[34.6622,-0.6043],[34.6859,-0.6002],[34.7043,-0.5745],[34.7515,-0.5576],[34.7672,-0.544],[34.8021,-0.5268],[34.8491,-0.5109],[34.8621,-0.5013],[34.8804,-0.489],[34.9032,-0.4838],[34.9388,-0.4655],[34.9688,-0.4417],[35.0009,-0.4278],[35.0196,-0.4124],[35.0214,-0.4059],[35.0123,-0.3914],[35.0036,-0.404],[34.9975,-0.4043],[34.9824,-0.4135],[34.9751,-0.4095],[34.9679,-0.4133],[34.9494,-0.4157],[34.9292,-0.4115],[34.9285,-0.4026],[34.9146,-0.4032],[34.9152,-0.3852],[34.886,-0.3972],[34.8569,-0.3919],[34.8397,-0.3922],[34.8247,-0.3879],[34.8209,-0.3702],[34.8108,-0.3562],[34.7985,-0.3542],[34.7858,-0.3417],[34.7831,-0.3352],[34.7886,-0.332],[34.7856,-0.3221],[34.78,-0.3211],[34.7683,-0.3098],[34.7601,-0.3136],[34.7546,-0.2895],[34.7064,-0.2581],[34.5324,-0.2717],[34.4834,-0.2993]]]},"properties":{"COUNTY":"Homa Bay","Shape_Area":0.3863288761,"Shape_Leng":3.41030275092,"AREA_KM2":4787}},
{"type":"Feature","geometry":{"type":"Polygon","coordinates":[[[35.4511,-0.3654],[35.4441,-0.3741],[35.4359,-0.3771],[35.4188,-0.3932],[35.4095,-0.4051],[35.3998,-0.4],[35.3906,-0.4038],[35.3803,-0.4006],[35.3476,-0.4078],[35.3314,-0.4046],[35.3209,-0.4169],[35.3065,-0.4244],[35.2906,-0.4243],[35.2845,-0.4187],[35.2702,-0.4191],[35.2542,-0.4244],[35.232,-0.4223],[35.2268,-0.4375],[35.2086,-0.4661],[35.2201,-0.4708],[35.2179,-0.4795],[35.2061,-0.4796],[35.1816,-0.4843],[35.1702,-0.4684],[35.1667,-0.4713],[35.1584,-0.4643],[35.1519,-0.4651],[35.1408,-0.4566],[35.1326,-0.4614],[35.1182,-0.4595],[35.0972,-0.473],[35.0797,-0.4765],[35.0732,-0.4899],[35.0579,-0.4918],[35.0514,-0.4996],[35.0558,-0.5083],[35.0478,-0.5216],[35.0521,-0.5349],[35.0487,-0.5365],[35.0502,-0.5636],[35.0471,-0.5707],[35.0559,-0.5939],[35.0611,-0.6012],[35.057,-0.6197],[35.0628,-0.6325],[35.055,-0.6447],[35.0549,-0.658],[35.0715,-0.6922],[35.0576,-0.6968],[35.0476,-0.7063],[35.0911,-0.8005],[35.0443,-0.8526],[35.0316,-0.8446],[35.0212,-0.8487],[35.0253,-0.861],[35.0255,-0.8734],[35.0204,-0.8691],[35.0119,-0.8812],[35.013,-0.8895],[35.0822,-0.9055],[35.2395,-1.0325],[35.2482,-1.0337],[35.2618,-1.0207],[35.2721,-1.0215],[35.2985,-1.0046],[35.3109,-0.9999],[35.3138,-0.9911],[35.3311,-0.9849],[35.3284,-0.9806],[35.352,-0.9663],[35.3584,-0.9724],[35.3722,-0.9693],[35.3768,-0.9608],[35.3971,-0.9578],[35.4011,-0.9502],[35.4198,-0.9458],[35.4242,-0.9335],[35.422,-0.9195],[35.4265,-0.9181],[35.4229,-0.9068],[35.4278,-0.9055],[35.4294,-0.8959],[35.4384,-0.8959],[35.4376,-0.8884],[35.4479,-0.8855],[35.4603,-0.8741],[35.4595,-0.8649],[35.4671,-0.8639],[35.478,-0.8517],[35.4778,-0.8404],[35.4966,-0.8248],[35.5068,-0.8243],[35.5175,-0.8159],[35.52,-0.8094],[35.5298,-0.8049],[35.4256,-0.7212],[35.3961,-0.6449],[35.5867,-0.5881],[35.4511,-0.3654]]]},"properties":{"COUNTY":"Bomet","Shape_Area":0.22903701236,"Shape_Leng":2.63165708177,"AREA_KM2":2838}},
{"type":"Feature","geometry":{"type":"Polygon","coordinates":[[[35.0514,-0.4996],[35.0333,-0.4978],[35.0334,-0.485],[35.0389,-0.4838],[35.0443,-0.445],[35.0317,-0.419],[35.0196,-0.4124],[35.0009,-0.4278],[34.9688,-0.4417],[34.9388,-0.4655],[34.9032,-0.4838],[34.8804,-0.489],[34.8621,-0.5013],[34.8713,-0.5088],[34.8828,-0.5239],[34.8839,-0.5401],[34.8786,-0.5514],[34.8723,-0.5744],[34.8813,-0.5854],[34.8783,-0.5904],[34.8899,-0.6007],[34.8867,-0.6152],[34.8802,-0.6201],[34.8704,-0.6132],[34.8705,-0.62],[34.8621,-0.6127],[34.8511,-0.5959],[34.8359,-0.6031],[34.833,-0.6127],[34.8159,-0.6317],[34.8097,-0.6517],[34.8123,-0.6696],[34.7996,-0.6655],[34.7928,-0.6675],[34.7887,-0.6752],[34.7945,-0.6886],[34.8076,-0.6857],[34.8206,-0.6916],[34.8239,-0.7041],[34.8363,-0.7084],[34.8564,-0.7273],[34.8755,-0.7363],[34.8865,-0.7463],[34.8951,-0.7454],[34.9061,-0.7594],[34.9234,-0.7612],[34.9439,-0.7731],[34.9507,-0.7834],[35.013,-0.8895],[35.0119,-0.8812],[35.0204,-0.8691],[35.0255,-0.8734],[35.0253,-0.861],[35.0212,-0.8487],[35.0316,-0.8446],[35.0443,-0.8526],[35.0911,-0.8005],[35.0476,-0.7063],[35.0576,-0.6968],[35.0715,-0.6922],[35.0549,-0.658],[35.055,-0.6447],[35.0628,-0.6325],[35.057,-0.6197],[35.0611,-0.6012],[35.0559,-0.5939],[35.0471,-0.5707],[35.0502,-0.5636],[35.0487,-0.5365],[35.0521,-0.5349],[35.0478,-0.5216],[35.0558,-0.5083],[35.0514,-0.4996]]]},"properties":{"COUNTY":"Nyamira","Shape_Area":0.0718815759,"Shape_Leng":1.50487195499,"AREA_KM2":891}},
{"type":"Feature","geometry":{"type":"Polygon","coordinates":[[[36.3339,-1.0494],[36.2625,-0.9132],[36.2035,-0.9335],[36.1932,-0.9156],[36.1846,-0.9155],[36.1889,-0.9083],[36.1688,-0.8723],[36.1571,-0.837],[36.1871,-0.8047],[36.1898,-0.7853],[36.1818,-0.7789],[36.1918,-0.7664],[36.1611,-0.7451],[36.1582,-0.7325],[36.1513,-0.7192],[36.1528,-0.7144],[36.1419,-0.7121],[36.1003,-0.6759],[36.0975,-0.6396],[36.062,-0.6569],[36.0286,-0.6789],[36.0111,-0.6635],[35.9459,-0.7143],[35.9288,-0.7056],[35.9294,-0.6966],[35.8913,-0.6496],[35.8761,-0.6505],[35.8756,-0.6371],[35.9148,-0.6352],[35.9493,-0.6657],[35.9814,-0.6303],[35.9435,-0.5552],[35.9351,-0.5564],[35.9316,-0.5511],[35.903,-0.5474],[35.8881,-0.5269],[35.8303,-0.4945],[35.8381,-0.4726],[35.8352,-0.4666],[35.8279,-0.4725],[35.8137,-0.4766],[35.8144,-0.466],[35.8107,-0.4575],[35.7992,-0.456],[35.7928,-0.4672],[35.7946,-0.4715],[35.7745,-0.5212],[35.7712,-0.5369],[35.7384,-0.5308],[35.7293,-0.5376],[35.7154,-0.5536],[35.7092,-0.5535],[35.7105,-0.5716],[35.703,-0.5896],[35.6913,-0.5996],[35.6831,-0.6246],[35.6842,-0.6402],[35.6754,-0.6595],[35.6655,-0.6687],[35.6632,-0.6808],[35.6522,-0.686],[35.6451,-0.7026],[35.6421,-0.7022],[35.6267,-0.6842],[35.6108,-0.6739],[35.6008,-0.6716],[35.5867,-0.5881],[35.3961,-0.6449],[35.4256,-0.7212],[35.5298,-0.8049],[35.52,-0.8094],[35.5175,-0.8159],[35.5068,-0.8243],[35.4966,-0.8248],[35.4778,-0.8404],[35.478,-0.8517],[35.4671,-0.8639],[35.4595,-0.8649],[35.4603,-0.8741],[35.4479,-0.8855],[35.4376,-0.8884],[35.4384,-0.8959],[35.4294,-0.8959],[35.4278,-0.9055],[35.4229,-0.9068],[35.4265,-0.9181],[35.422,-0.9195],[35.4242,-0.9335],[35.4198,-0.9458],[35.4011,-0.9502],[35.3971,-0.9578],[35.3768,-0.9608],[35.3722,-0.9693],[35.3584,-0.9724],[35.352,-0.9663],[35.3284,-0.9806],[35.3311,-0.9849],[35.3138,-0.9911],[35.3109,-0.9999],[35.2985,-1.0046],[35.2721,-1.0215],[35.2618,-1.0207],[35.2482,-1.0337],[35.2395,-1.0325],[35.0822,-0.9055],[35.013,-0.8895],[34.9159,-0.9134],[34.6786,-0.9719],[34.6612,-0.9708],[34.6505,-0.9653],[34.642,-0.9683],[34.5903,-1.0177],[34.5947,-1.0455],[34.5991,-1.0546],[34.6166,-1.072],[34.614,-1.0857],[34.6216,-1.1105],[34.6281,-1.1187],[34.6344,-1.151],[34.6318,-1.1586],[34.6396,-1.1619],[34.6543,-1.1742],[34.653,-1.1832],[34.6714,-1.1968],[34.6725,-1.2073],[34.6886,-1.2106],[34.7306,-1.389],[35.0166,-1.5502],[36.0002,-2.1044],[36.0002,-2.0831],[36.0282,-2.083],[36.0282,-2.0397],[36.0303,-2.0221],[36.0373,-2.0081],[36.0355,-2.0025],[36.0416,-1.9602],[36.0379,-1.9491],[36.043,-1.9371],[36.0375,-1.9293],[36.037,-1.9131],[36.0434,-1.9108],[36.0281,-1.894],[36.0281,-1.8887],[36.0377,-1.8901],[36.039,-1.8764],[36.0445,-1.8779],[36.0502,-1.8556],[36.0486,-1.8414],[36.0376,-1.8209],[36.0295,-1.8254],[36.0294,-1.8099],[36.0164,-1.804],[36.0267,-1.7952],[36.023,-1.7922],[36.0313,-1.7862],[36.0313,-1.7801],[36.0216,-1.7763],[36.0319,-1.7679],[36.0354,-1.7451],[36.0417,-1.74],[36.0411,-1.7325],[36.0478,-1.7342],[36.048,-1.7208],[36.0385,-1.7131],[36.0478,-1.7056],[36.0567,-1.7109],[36.0644,-1.6992],[36.0556,-1.6793],[36.0582,-1.6726],[36.0516,-1.6645],[36.0473,-1.6499],[36.0523,-1.6466],[36.0528,-1.6361],[36.0579,-1.6232],[36.0558,-1.6183],[36.0638,-1.6154],[36.0708,-1.5958],[36.0771,-1.5954],[36.0844,-1.5782],[36.0846,-1.5642],[36.0734,-1.5423],[36.0591,-1.5005],[36.052,-1.4909],[36.3462,-1.1757],[36.3339,-1.0494]]]},"properties":{"COUNTY":"Narok","Shape_Area":1.45409050642,"Shape_Leng":6.86177032651,"AREA_KM2":18019}},
{"type":"Feature","geometry":{"type":"Polygon","coordinates":[[[34.8621,-0.5013],[34.8491,-0.5109],[34.8021,-0.5268],[34.7672,-0.544],[34.7515,-0.5576],[34.7043,-0.5745],[34.6859,-0.6002],[34.6622,-0.6043],[34.6445,-0.6335],[34.6377,-0.6651],[34.6366,-0.6701],[34.644,-0.7052],[34.6313,-0.7298],[34.6286,-0.7531],[34.6185,-0.9008],[34.6327,-0.9655],[34.642,-0.9683],[34.6505,-0.9653],[34.6612,-0.9708],[34.6786,-0.9719],[34.9159,-0.9134],[35.013,-0.8895],[34.9507,-0.7834],[34.9439,-0.7731],[34.9234,-0.7612],[34.9061,-0.7594],[34.8951,-0.7454],[34.8865,-0.7463],[34.8755,-0.7363],[34.8564,-0.7273],[34.8363,-0.7084],[34.8239,-0.7041],[34.8206,-0.6916],[34.8076,-0.6857],[34.7945,-0.6886],[34.7887,-0.6752],[34.7928,-0.6675],[34.7996,-0.6655],[34.8123,-0.6696],[34.8097,-0.6517],[34.8159,-0.6317],[34.833,-0.6127],[34.8359,-0.6031],[34.8511,-0.5959],[34.8621,-0.6127],[34.8705,-0.62],[34.8704,-0.6132],[34.8802,-0.6201],[34.8867,-0.6152],[34.8899,-0.6007],[34.8783,-0.5904],[34.8813,-0.5854],[34.8723,-0.5744],[34.8786,-0.5514],[34.8839,-0.5401],[34.8828,-0.5239],[34.8713,-0.5088],[34.8621,-0.5013]]]},"properties":{"COUNTY":"Kisii","Shape_Area":0.10604309923,"Shape_Leng":1.67694006104,"AREA_KM2":1314}},
{"type":"Feature","geometry":{"type":"Polygon","coordinates":[[[37.1691,-0.6356],[37.1551,-0.6356],[37.1527,-0.6405],[37.1407,-0.6381],[37.1226,-0.6436],[37.1004,-0.6366],[37.1016,-0.6299],[37.0855,-0.6233],[37.0655,-0.6104],[37.0584,-0.6097],[37.0481,-0.5947],[37.0266,-0.5916],[37.0151,-0.5847],[36.9951,-0.5837],[36.9891,-0.577],[36.9768,-0.5796],[36.9665,-0.5866],[36.9213,-0.6044],[36.9213,-0.6093],[36.8935,-0.6088],[36.8837,-0.6113],[36.8757,-0.6071],[36.8601,-0.6081],[36.8445,-0.5937],[36.8379,-0.5955],[36.8094,-0.5793],[36.8033,-0.5703],[36.7868,-0.5705],[36.7807,-0.5669],[36.7379,-0.5704],[36.7338,-0.5667],[36.7211,-0.5717],[36.7047,-0.5902],[36.7084,-0.608],[36.7041,-0.6287],[36.7017,-0.6492],[36.705,-0.6673],[36.7036,-0.6993],[36.71,-0.7158],[36.7148,-0.7375],[36.7143,-0.7469],[36.7181,-0.7625],[36.7326,-0.7794],[36.7177,-0.7801],[36.7218,-0.7877],[36.72,-0.8064],[36.732,-0.8125],[36.7502,-0.8325],[36.7695,-0.8323],[36.7929,-0.846],[36.8056,-0.8567],[36.8238,-0.8639],[36.8258,-0.8691],[36.8473,-0.8819],[36.8577,-0.8826],[36.8591,-0.8871],[36.8839,-0.8956],[36.8932,-0.9116],[36.9059,-0.913],[36.9113,-0.9277],[36.9417,-0.9457],[36.9646,-0.9735],[36.978,-0.9761],[36.9926,-0.991],[37.0031,-0.9966],[37.0161,-1.0099],[37.0218,-1.0113],[37.0313,-1.0268],[37.0448,-1.0332],[37.0586,-1.0321],[37.0672,-1.0253],[37.0859,-1.0337],[37.1062,-1.0358],[37.1153,-1.0412],[37.1207,-1.0515],[37.1308,-1.0486],[37.1524,-1.0539],[37.1738,-1.0444],[37.1771,-1.0345],[37.1908,-1.0425],[37.204,-1.0356],[37.214,-1.0345],[37.2246,-1.0271],[37.2308,-1.0185],[37.2439,-1.0252],[37.2519,-1.0191],[37.2652,-1.0177],[37.2854,-1.0424],[37.3113,-1.0668],[37.3181,-1.0665],[37.3256,-1.078],[37.3397,-1.0803],[37.3476,-1.0908],[37.3628,-1.0947],[37.3895,-1.0573],[37.42,-1.0351],[37.4052,-1.0137],[37.3612,-0.9875],[37.3386,-0.9847],[37.3371,-0.9775],[37.344,-0.9762],[37.3662,-0.9624],[37.354,-0.9458],[37.3366,-0.9649],[37.3277,-0.9543],[37.3275,-0.9442],[37.3192,-0.9474],[37.3133,-0.9402],[37.3242,-0.9324],[37.3176,-0.9179],[37.2772,-0.8923],[37.2515,-0.8603],[37.2378,-0.8584],[37.2249,-0.8515],[37.2349,-0.8359],[37.2572,-0.8381],[37.2625,-0.8077],[37.2624,-0.7918],[37.2673,-0.7853],[37.2617,-0.7807],[37.2567,-0.7524],[37.2688,-0.7552],[37.2616,-0.7468],[37.2641,-0.7428],[37.2514,-0.7262],[37.2543,-0.7208],[37.2438,-0.7074],[37.2443,-0.6982],[37.2361,-0.6757],[37.2362,-0.6671],[37.2226,-0.676],[37.212,-0.6883],[37.1997,-0.6638],[37.1791,-0.6667],[37.1766,-0.6536],[37.1694,-0.649],[37.1691,-0.6356]]]},"properties":{"COUNTY":"Murang'a","Shape_Area":0.20646153466,"Shape_Leng":2.53666178982,"AREA_KM2":2559}},
{"type":"Feature","geometry":{"type":"Polygon","coordinates":[[[34.6377,-0.6651],[34.6273,-0.6583],[34.6046,-0.6517],[34.5876,-0.6534],[34.5853,-0.6597],[34.5718,-0.663],[34.5562,-0.6703],[34.5485,-0.6902],[34.5457,-0.6897],[34.5397,-0.7061],[34.5397,-0.7259],[34.5363,-0.7416],[34.5249,-0.761],[34.5165,-0.7596],[34.5023,-0.7649],[34.5065,-0.77],[34.4925,-0.7825],[34.4853,-0.7845],[34.4867,-0.7927],[34.4968,-0.8098],[34.4763,-0.8306],[34.4637,-0.8617],[34.4326,-0.8374],[34.3908,-0.8147],[34.3863,-0.8161],[34.3925,-0.8268],[34.3818,-0.8461],[34.3715,-0.8452],[34.3691,-0.8511],[34.3367,-0.8549],[34.3353,-0.8613],[34.3193,-0.8651],[34.2952,-0.8371],[34.284,-0.8263],[34.2768,-0.8253],[34.2641,-0.8141],[34.2504,-0.8106],[34.2352,-0.7903],[34.2321,-0.7817],[34.2124,-0.7676],[34.202,-0.7504],[34.1912,-0.7651],[34.1786,-0.76],[34.1767,-0.7683],[34.1642,-0.7723],[34.1559,-0.766],[34.139,-0.7784],[34.1357,-0.7725],[34.123,-0.783],[34.1128,-0.778],[34.0969,-0.7823],[34.081,-0.8024],[33.9282,-0.8024],[33.9351,-1.0011],[34.0102,-1.0015],[34.0233,-1.0068],[34.0275,-1.0166],[34.0275,-1.0313],[34.0338,-1.0433],[34.045,-1.0452],[34.072,-1.0247],[34.0784,-1.0228],[34.0937,-1.0302],[34.3749,-1.1886],[34.7306,-1.389],[34.6886,-1.2106],[34.6725,-1.2073],[34.6714,-1.1968],[34.653,-1.1832],[34.6543,-1.1742],[34.6396,-1.1619],[34.6318,-1.1586],[34.6344,-1.151],[34.6281,-1.1187],[34.6216,-1.1105],[34.614,-1.0857],[34.6166,-1.072],[34.5991,-1.0546],[34.5947,-1.0455],[34.5903,-1.0177],[34.642,-0.9683],[34.6327,-0.9655],[34.6185,-0.9008],[34.6286,-0.7531],[34.6313,-0.7298],[34.644,-0.7052],[34.6366,-0.6701],[34.6377,-0.6651]]]},"properties":{"COUNTY":"Migori","Shape_Area":0.25712578555,"Shape_Leng":3.01158957396,"AREA_KM2":3186}},
{"type":"Feature","geometry":{"type":"Polygon","coordinates":[[[36.5528,-0.92],[36.5612,-0.9243],[36.5683,-0.9215],[36.578,-0.9293],[36.5725,-0.9423],[36.5799,-0.9481],[36.5849,-0.9619],[36.5849,-0.9793],[36.594,-0.9834],[36.5954,-0.9917],[36.5843,-1.0444],[36.5883,-1.0634],[36.567,-1.1015],[36.5639,-1.1001],[36.5417,-1.127],[36.5337,-1.1559],[36.5106,-1.2402],[36.4882,-1.2718],[36.6576,-1.3048],[36.6639,-1.3152],[36.6719,-1.3081],[36.6843,-1.2852],[36.6865,-1.2711],[36.6915,-1.2683],[36.6902,-1.2589],[36.7175,-1.2615],[36.7251,-1.2435],[36.7262,-1.2324],[36.7445,-1.2355],[36.7532,-1.2209],[36.7738,-1.2298],[36.782,-1.2134],[36.7879,-1.2093],[36.7812,-1.2023],[36.788,-1.1911],[36.8084,-1.201],[36.8304,-1.2147],[36.827,-1.2062],[36.8455,-1.2115],[36.8476,-1.2028],[36.8565,-1.202],[36.8592,-1.1893],[36.8702,-1.1953],[36.883,-1.1954],[36.8953,-1.1916],[36.885,-1.1721],[36.896,-1.1605],[36.9164,-1.1615],[36.924,-1.1678],[36.9392,-1.174],[36.9092,-1.2064],[36.9136,-1.2124],[36.9296,-1.2217],[36.9476,-1.2269],[36.9673,-1.2288],[36.9746,-1.2242],[36.9897,-1.2245],[37.0046,-1.2367],[37.0136,-1.2285],[37.0239,-1.2259],[37.0429,-1.2098],[37.0604,-1.2058],[37.0788,-1.2377],[37.0878,-1.2324],[37.0941,-1.2439],[37.0866,-1.248],[37.1027,-1.2617],[37.1107,-1.2587],[37.1105,-1.2464],[37.1191,-1.2458],[37.1208,-1.2351],[37.1344,-1.2335],[37.1421,-1.2258],[37.1524,-1.2246],[37.1594,-1.2065],[37.1551,-1.1966],[37.1666,-1.188],[37.1733,-1.1752],[37.181,-1.1685],[37.1798,-1.1583],[37.1865,-1.1386],[37.181,-1.1335],[37.1752,-1.1198],[37.18,-1.1102],[37.1873,-1.1065],[37.1898,-1.0973],[37.2128,-1.0793],[37.2319,-1.0754],[37.2449,-1.0799],[37.2679,-1.0677],[37.2804,-1.0659],[37.2979,-1.0713],[37.3151,-1.0919],[37.3407,-1.1132],[37.3429,-1.1176],[37.3628,-1.0947],[37.3476,-1.0908],[37.3397,-1.0803],[37.3256,-1.078],[37.3181,-1.0665],[37.3113,-1.0668],[37.2854,-1.0424],[37.2652,-1.0177],[37.2519,-1.0191],[37.2439,-1.0252],[37.2308,-1.0185],[37.2246,-1.0271],[37.214,-1.0345],[37.204,-1.0356],[37.1908,-1.0425],[37.1771,-1.0345],[37.1738,-1.0444],[37.1524,-1.0539],[37.1308,-1.0486],[37.1207,-1.0515],[37.1153,-1.0412],[37.1062,-1.0358],[37.0859,-1.0337],[37.0672,-1.0253],[37.0586,-1.0321],[37.0448,-1.0332],[37.0313,-1.0268],[37.0218,-1.0113],[37.0161,-1.0099],[37.0031,-0.9966],[36.9926,-0.991],[36.978,-0.9761],[36.9646,-0.9735],[36.9417,-0.9457],[36.9113,-0.9277],[36.9059,-0.913],[36.8932,-0.9116],[36.8839,-0.8956],[36.8591,-0.8871],[36.8577,-0.8826],[36.8473,-0.8819],[36.8258,-0.8691],[36.8238,-0.8639],[36.8056,-0.8567],[36.7929,-0.846],[36.7695,-0.8323],[36.7502,-0.8325],[36.732,-0.8125],[36.72,-0.8064],[36.705,-0.7843],[36.6856,-0.7648],[36.6716,-0.7585],[36.6585,-0.7678],[36.6503,-0.7646],[36.6083,-0.8056],[36.6186,-0.8298],[36.586,-0.8265],[36.5898,-0.8489],[36.598,-0.8618],[36.587,-0.8868],[36.5618,-0.9039],[36.5686,-0.9111],[36.5528,-0.92]]]},"properties":{"COUNTY":"Kiambu","Shape_Area":0.20912621702,"Shape_Leng":3.0857207555,"AREA_KM2":2592}},
{"type":"Feature","geometry":{"type":"Polygon","coordinates":[[[37.8455,-0.8098],[37.8333,-0.8118],[37.8288,-0.8045],[37.8194,-0.8037],[37.8071,-0.8132],[37.8043,-0.8007],[37.7952,-0.8163],[37.7811,-0.8237],[37.7713,-0.8188],[37.7584,-0.8219],[37.75,-0.802],[37.7469,-0.7852],[37.7416,-0.7761],[37.7315,-0.7739],[37.7253,-0.7788],[37.7138,-0.7787],[37.6988,-0.7831],[37.6924,-0.7934],[37.6819,-0.7949],[37.6815,-0.8213],[37.6721,-0.8273],[37.6658,-0.8439],[37.6575,-0.8455],[37.6459,-0.8407],[37.64,-0.843],[37.636,-0.8369],[37.6293,-0.8381],[37.6274,-0.8499],[37.6065,-0.853],[37.6039,-0.8591],[37.5927,-0.8599],[37.5875,-0.8763],[37.5768,-0.8748],[37.567,-0.8784],[37.5625,-0.8733],[37.5516,-0.8825],[37.5461,-0.8815],[37.5337,-0.8938],[37.5344,-0.9101],[37.5178,-0.9124],[37.5173,-0.9019],[37.5053,-0.8973],[37.4967,-0.9049],[37.4781,-0.8945],[37.4711,-0.8849],[37.4742,-0.8767],[37.4663,-0.8728],[37.447,-0.8703],[37.4427,-0.8638],[37.4316,-0.8623],[37.427,-0.8659],[37.4132,-0.8611],[37.4121,-0.8503],[37.3988,-0.8558],[37.3853,-0.852],[37.3804,-0.8573],[37.3767,-0.8509],[37.3618,-0.8442],[37.3428,-0.842],[37.3367,-0.8465],[37.3284,-0.8442],[37.3206,-0.836],[37.3052,-0.8122],[37.3045,-0.8001],[37.2948,-0.7939],[37.286,-0.783],[37.2673,-0.7853],[37.2624,-0.7918],[37.2625,-0.8077],[37.2572,-0.8381],[37.2349,-0.8359],[37.2249,-0.8515],[37.2378,-0.8584],[37.2515,-0.8603],[37.2772,-0.8923],[37.3176,-0.9179],[37.3242,-0.9324],[37.3133,-0.9402],[37.3192,-0.9474],[37.3275,-0.9442],[37.3277,-0.9543],[37.3366,-0.9649],[37.354,-0.9458],[37.3662,-0.9624],[37.344,-0.9762],[37.3371,-0.9775],[37.3386,-0.9847],[37.3612,-0.9875],[37.4052,-1.0137],[37.42,-1.0351],[37.3895,-1.0573],[37.3628,-1.0947],[37.3429,-1.1176],[37.3407,-1.1132],[37.3151,-1.0919],[37.2979,-1.0713],[37.2804,-1.0659],[37.2679,-1.0677],[37.2449,-1.0799],[37.2319,-1.0754],[37.2128,-1.0793],[37.1898,-1.0973],[37.1873,-1.1065],[37.18,-1.1102],[37.1752,-1.1198],[37.181,-1.1335],[37.1865,-1.1386],[37.1798,-1.1583],[37.181,-1.1685],[37.1733,-1.1752],[37.1666,-1.188],[37.1551,-1.1966],[37.1594,-1.2065],[37.1524,-1.2246],[37.1421,-1.2258],[37.1344,-1.2335],[37.1208,-1.2351],[37.1191,-1.2458],[37.1105,-1.2464],[37.1107,-1.2587],[37.1027,-1.2617],[37.1025,-1.2737],[37.0878,-1.2775],[37.0769,-1.2855],[37.0731,-1.2947],[37.0763,-1.3031],[37.0248,-1.2919],[37.0026,-1.3007],[36.9951,-1.2816],[36.9728,-1.2894],[36.9828,-1.312],[36.9791,-1.3167],[36.9399,-1.3326],[36.9047,-1.3656],[36.9149,-1.3767],[36.9222,-1.3942],[36.9345,-1.3993],[36.9423,-1.4065],[36.9451,-1.4212],[36.9611,-1.4393],[36.9589,-1.4441],[36.9443,-1.4332],[36.9319,-1.4343],[36.8877,-1.4156],[36.876,-1.4794],[36.8826,-1.489],[36.9061,-1.4699],[36.9198,-1.4637],[36.9256,-1.4573],[36.9427,-1.4551],[36.9487,-1.4574],[36.9453,-1.4636],[36.9747,-1.4772],[36.969,-1.4918],[36.9724,-1.5014],[36.9618,-1.5144],[36.962,-1.5288],[36.9582,-1.5411],[36.9661,-1.5528],[36.9795,-1.5578],[36.9922,-1.5761],[37.1094,-1.7322],[37.1252,-1.7418],[37.1342,-1.7431],[37.1403,-1.7375],[37.149,-1.742],[37.1461,-1.7536],[37.1489,-1.7605],[37.1573,-1.7654],[37.1516,-1.7746],[37.1601,-1.7802],[37.2068,-1.7754],[37.2205,-1.7696],[37.2258,-1.7593],[37.2444,-1.7357],[37.2636,-1.7583],[37.2795,-1.7705],[37.2928,-1.7524],[37.3019,-1.7532],[37.2868,-1.7183],[37.3116,-1.7002],[37.3192,-1.7081],[37.3458,-1.7041],[37.3576,-1.7067],[37.3622,-1.7022],[37.3738,-1.7051],[37.3855,-1.7021],[37.3933,-1.6957],[37.4136,-1.6876],[37.4083,-1.6838],[37.3862,-1.6363],[37.3804,-1.6276],[37.3711,-1.604],[37.3628,-1.5891],[37.3416,-1.5707],[37.3349,-1.5617],[37.3469,-1.5531],[37.3798,-1.5202],[37.4003,-1.5215],[37.4146,-1.5281],[37.4349,-1.5325],[37.4434,-1.5315],[37.4522,-1.5242],[37.4659,-1.5182],[37.4889,-1.5175],[37.5053,-1.5277],[37.513,-1.5244],[37.5204,-1.5374],[37.543,-1.5402],[37.5526,-1.5391],[37.5488,-1.5455],[37.5604,-1.5505],[37.5553,-1.5574],[37.5712,-1.5571],[37.5721,-1.5648],[37.579,-1.5645],[37.5966,-1.5509],[37.5984,-1.5611],[37.6133,-1.5637],[37.6307,-1.5886],[37.6391,-1.5859],[37.642,-1.6094],[37.6497,-1.629],[37.6553,-1.6316],[37.6594,-1.6452],[37.6678,-1.6411],[37.672,-1.6323],[37.6807,-1.6261],[37.6841,-1.6115],[37.6822,-1.5859],[37.7006,-1.5829],[37.7114,-1.6049],[37.7182,-1.6085],[37.7284,-1.6027],[37.7339,-1.5951],[37.7339,-1.5754],[37.7533,-1.5664],[37.7483,-1.5539],[37.7425,-1.5533],[37.7326,-1.5423],[37.7107,-1.5082],[37.702,-1.5087],[37.6946,-1.4986],[37.7019,-1.4903],[37.7097,-1.4887],[37.7349,-1.4962],[37.7508,-1.4898],[37.7705,-1.4867],[37.7779,-1.4796],[37.7801,-1.4707],[37.7989,-1.4541],[37.8101,-1.4473],[37.8191,-1.4473],[37.8133,-1.4402],[37.8118,-1.4267],[37.8036,-1.3945],[37.7975,-1.3953],[37.7959,-1.3873],[37.788,-1.3758],[37.7799,-1.3707],[37.7748,-1.3609],[37.7648,-1.3544],[37.7447,-1.3564],[37.7369,-1.3415],[37.7316,-1.3401],[37.7232,-1.3159],[37.7133,-1.2992],[37.7019,-1.2725],[37.6967,-1.269],[37.6914,-1.249],[37.6842,-1.2345],[37.6758,-1.2325],[37.6647,-1.2199],[37.6548,-1.201],[37.6491,-1.1974],[37.6381,-1.1694],[37.623,-1.1476],[37.6115,-1.142],[37.5969,-1.1472],[37.594,-1.0859],[37.7382,-1.0775],[37.7965,-1.1271],[37.8069,-1.0973],[37.8068,-1.0933],[37.8176,-1.0798],[37.8194,-1.0702],[37.8303,-1.0679],[37.8467,-1.0413],[37.8495,-1.0047],[37.8465,-0.995],[37.8542,-0.9853],[37.8656,-0.9805],[37.8627,-0.9674],[37.8451,-0.9634],[37.8541,-0.9582],[37.8467,-0.946],[37.8507,-0.9311],[37.8427,-0.9265],[37.8291,-0.9002],[37.8204,-0.8989],[37.825,-0.8902],[37.8209,-0.881],[37.8272,-0.8716],[37.832,-0.8528],[37.8376,-0.8436],[37.8448,-0.8403],[37.8414,-0.8343],[37.8491,-0.8312],[37.8455,-0.8098]]]},"properties":{"COUNTY":"Machakos","Shape_Area":0.50550672081,"Shape_Leng":5.79203968486,"AREA_KM2":6264}},
{"type":"Feature","geometry":{"type":"Polygon","coordinates":[[[36.3339,-1.0494],[36.3462,-1.1757],[36.052,-1.4909],[36.0591,-1.5005],[36.0734,-1.5423],[36.0846,-1.5642],[36.0844,-1.5782],[36.0771,-1.5954],[36.0708,-1.5958],[36.0638,-1.6154],[36.0558,-1.6183],[36.0579,-1.6232],[36.0528,-1.6361],[36.0523,-1.6466],[36.0473,-1.6499],[36.0516,-1.6645],[36.0582,-1.6726],[36.0556,-1.6793],[36.0644,-1.6992],[36.0567,-1.7109],[36.0478,-1.7056],[36.0385,-1.7131],[36.048,-1.7208],[36.0478,-1.7342],[36.0411,-1.7325],[36.0417,-1.74],[36.0354,-1.7451],[36.0319,-1.7679],[36.0216,-1.7763],[36.0313,-1.7801],[36.0313,-1.7862],[36.023,-1.7922],[36.0267,-1.7952],[36.0164,-1.804],[36.0294,-1.8099],[36.0295,-1.8254],[36.0376,-1.8209],[36.0486,-1.8414],[36.0502,-1.8556],[36.0445,-1.8779],[36.039,-1.8764],[36.0377,-1.8901],[36.0281,-1.8887],[36.0281,-1.894],[36.0434,-1.9108],[36.037,-1.9131],[36.0375,-1.9293],[36.043,-1.9371],[36.0379,-1.9491],[36.0416,-1.9602],[36.0355,-2.0025],[36.0373,-2.0081],[36.0303,-2.0221],[36.0282,-2.0397],[36.0282,-2.083],[36.0002,-2.0831],[36.0002,-2.1044],[36.5111,-2.3923],[36.7514,-2.5264],[37.3125,-2.8408],[37.432,-2.9083],[37.4705,-2.9304],[37.5203,-2.9561],[37.5677,-2.987],[37.6714,-3.0587],[37.6906,-3.1789],[37.7913,-3.1699],[37.8102,-3.1663],[37.8298,-3.1801],[37.833,-3.1855],[37.8529,-3.1782],[37.8535,-3.1682],[37.8541,-3.0785],[37.8708,-3.0774],[37.8951,-2.8859],[37.9183,-2.8685],[37.9394,-2.777],[37.93,-2.7674],[37.9243,-2.7409],[37.9304,-2.7236],[37.9215,-2.7043],[37.9009,-2.7024],[37.8907,-2.6735],[37.8781,-2.6592],[37.8495,-2.6039],[37.5973,-2.3109],[37.6063,-2.3071],[37.608,-2.3003],[37.6169,-2.2962],[37.6194,-2.3024],[37.6309,-2.3003],[37.6304,-2.2949],[37.6446,-2.2988],[37.6518,-2.2883],[37.6646,-2.2893],[37.6695,-2.2849],[37.6782,-2.2425],[37.6746,-2.2278],[37.6838,-2.2235],[37.7026,-2.1969],[37.7105,-2.1912],[37.7239,-2.1915],[37.7223,-2.1865],[37.7062,-2.1795],[37.6995,-2.1644],[37.6901,-2.1641],[37.6633,-2.1539],[37.6213,-2.1603],[37.594,-2.1528],[37.5714,-2.1351],[37.5625,-2.1253],[37.5503,-2.1264],[37.5412,-2.1202],[37.5433,-2.1138],[37.5352,-2.1057],[37.452,-2.0738],[37.3738,-2.0199],[37.3588,-2.0124],[37.3141,-2.0081],[37.3091,-2.0036],[37.2993,-2.0058],[37.2784,-1.9919],[37.2759,-1.9774],[37.2639,-1.9583],[37.2572,-1.9576],[37.2458,-1.9495],[37.2341,-1.936],[37.2227,-1.9334],[37.2043,-1.9357],[37.1862,-1.9345],[37.182,-1.9233],[37.1696,-1.9131],[37.1518,-1.8875],[37.1579,-1.8847],[37.163,-1.8711],[37.1616,-1.8571],[37.1537,-1.8441],[37.1421,-1.8399],[37.1473,-1.8308],[37.1428,-1.828],[37.145,-1.8184],[37.1415,-1.8121],[37.1518,-1.7998],[37.1504,-1.7942],[37.1601,-1.7802],[37.1516,-1.7746],[37.1573,-1.7654],[37.1489,-1.7605],[37.1461,-1.7536],[37.149,-1.742],[37.1403,-1.7375],[37.1342,-1.7431],[37.1252,-1.7418],[37.1094,-1.7322],[36.9922,-1.5761],[36.9795,-1.5578],[36.9661,-1.5528],[36.9582,-1.5411],[36.962,-1.5288],[36.9618,-1.5144],[36.9724,-1.5014],[36.969,-1.4918],[36.9747,-1.4772],[36.9453,-1.4636],[36.9487,-1.4574],[36.9427,-1.4551],[36.9256,-1.4573],[36.9198,-1.4637],[36.9061,-1.4699],[36.8826,-1.489],[36.876,-1.4794],[36.8877,-1.4156],[36.8913,-1.4109],[36.8803,-1.4066],[36.8691,-1.4075],[36.8482,-1.3973],[36.8412,-1.3862],[36.8337,-1.3891],[36.8183,-1.3813],[36.8006,-1.3891],[36.793,-1.3852],[36.7805,-1.3887],[36.767,-1.3882],[36.7593,-1.3841],[36.7473,-1.3846],[36.7317,-1.3784],[36.7005,-1.3526],[36.6931,-1.3546],[36.6726,-1.3315],[36.6599,-1.3221],[36.6639,-1.3152],[36.6576,-1.3048],[36.4882,-1.2718],[36.5106,-1.2402],[36.5337,-1.1559],[36.4893,-1.1225],[36.3339,-1.0494]]]},"properties":{"COUNTY":"Kajiado","Shape_Area":1.77400052129,"Shape_Leng":7.28036618863,"AREA_KM2":21984}},
{"type":"Feature","geometry":{"type":"Polygon","coordinates":[[[37.1027,-1.2617],[37.0866,-1.248],[37.0941,-1.2439],[37.0878,-1.2324],[37.0788,-1.2377],[37.0604,-1.2058],[37.0429,-1.2098],[37.0239,-1.2259],[37.0136,-1.2285],[37.0046,-1.2367],[36.9897,-1.2245],[36.9746,-1.2242],[36.9673,-1.2288],[36.9476,-1.2269],[36.9296,-1.2217],[36.9136,-1.2124],[36.9092,-1.2064],[36.9392,-1.174],[36.924,-1.1678],[36.9164,-1.1615],[36.896,-1.1605],[36.885,-1.1721],[36.8953,-1.1916],[36.883,-1.1954],[36.8702,-1.1953],[36.8592,-1.1893],[36.8565,-1.202],[36.8476,-1.2028],[36.8455,-1.2115],[36.827,-1.2062],[36.8304,-1.2147],[36.8084,-1.201],[36.788,-1.1911],[36.7812,-1.2023],[36.7879,-1.2093],[36.782,-1.2134],[36.7738,-1.2298],[36.7532,-1.2209],[36.7445,-1.2355],[36.7262,-1.2324],[36.7251,-1.2435],[36.7175,-1.2615],[36.6902,-1.2589],[36.6915,-1.2683],[36.6865,-1.2711],[36.6843,-1.2852],[36.6719,-1.3081],[36.6639,-1.3152],[36.6599,-1.3221],[36.6726,-1.3315],[36.6931,-1.3546],[36.7005,-1.3526],[36.7317,-1.3784],[36.7473,-1.3846],[36.7593,-1.3841],[36.767,-1.3882],[36.7805,-1.3887],[36.793,-1.3852],[36.8006,-1.3891],[36.8183,-1.3813],[36.8337,-1.3891],[36.8412,-1.3862],[36.8482,-1.3973],[36.8691,-1.4075],[36.8803,-1.4066],[36.8913,-1.4109],[36.8877,-1.4156],[36.9319,-1.4343],[36.9443,-1.4332],[36.9589,-1.4441],[36.9611,-1.4393],[36.9451,-1.4212],[36.9423,-1.4065],[36.9345,-1.3993],[36.9222,-1.3942],[36.9149,-1.3767],[36.9047,-1.3656],[36.9399,-1.3326],[36.9791,-1.3167],[36.9828,-1.312],[36.9728,-1.2894],[36.9951,-1.2816],[37.0026,-1.3007],[37.0248,-1.2919],[37.0763,-1.3031],[37.0731,-1.2947],[37.0769,-1.2855],[37.0878,-1.2775],[37.1025,-1.2737],[37.1027,-1.2617]]]},"properties":{"COUNTY":"Nairobi","Shape_Area":0.05727801798,"Shape_Leng":1.61581253576,"AREA_KM2":710}},
{"type":"Feature","geometry":{"type":"Polygon","coordinates":[[[37.7533,-1.5664],[37.7339,-1.5754],[37.7339,-1.5951],[37.7284,-1.6027],[37.7182,-1.6085],[37.7114,-1.6049],[37.7006,-1.5829],[37.6822,-1.5859],[37.6841,-1.6115],[37.6807,-1.6261],[37.672,-1.6323],[37.6678,-1.6411],[37.6594,-1.6452],[37.6553,-1.6316],[37.6497,-1.629],[37.642,-1.6094],[37.6391,-1.5859],[37.6307,-1.5886],[37.6133,-1.5637],[37.5984,-1.5611],[37.5966,-1.5509],[37.579,-1.5645],[37.5721,-1.5648],[37.5712,-1.5571],[37.5553,-1.5574],[37.5604,-1.5505],[37.5488,-1.5455],[37.5526,-1.5391],[37.543,-1.5402],[37.5204,-1.5374],[37.513,-1.5244],[37.5053,-1.5277],[37.4889,-1.5175],[37.4659,-1.5182],[37.4522,-1.5242],[37.4434,-1.5315],[37.4349,-1.5325],[37.4146,-1.5281],[37.4003,-1.5215],[37.3798,-1.5202],[37.3469,-1.5531],[37.3349,-1.5617],[37.3416,-1.5707],[37.3628,-1.5891],[37.3711,-1.604],[37.3804,-1.6276],[37.3862,-1.6363],[37.4083,-1.6838],[37.4136,-1.6876],[37.3933,-1.6957],[37.3855,-1.7021],[37.3738,-1.7051],[37.3622,-1.7022],[37.3576,-1.7067],[37.3458,-1.7041],[37.3192,-1.7081],[37.3116,-1.7002],[37.2868,-1.7183],[37.3019,-1.7532],[37.2928,-1.7524],[37.2795,-1.7705],[37.2636,-1.7583],[37.2444,-1.7357],[37.2258,-1.7593],[37.2205,-1.7696],[37.2068,-1.7754],[37.1601,-1.7802],[37.1504,-1.7942],[37.1518,-1.7998],[37.1415,-1.8121],[37.145,-1.8184],[37.1428,-1.828],[37.1473,-1.8308],[37.1421,-1.8399],[37.1537,-1.8441],[37.1616,-1.8571],[37.163,-1.8711],[37.1579,-1.8847],[37.1518,-1.8875],[37.1696,-1.9131],[37.182,-1.9233],[37.1862,-1.9345],[37.2043,-1.9357],[37.2227,-1.9334],[37.2341,-1.936],[37.2458,-1.9495],[37.2572,-1.9576],[37.2639,-1.9583],[37.2759,-1.9774],[37.2784,-1.9919],[37.2993,-2.0058],[37.3091,-2.0036],[37.3141,-2.0081],[37.3588,-2.0124],[37.3738,-2.0199],[37.452,-2.0738],[37.5352,-2.1057],[37.5433,-2.1138],[37.5412,-2.1202],[37.5503,-2.1264],[37.5625,-2.1253],[37.5714,-2.1351],[37.594,-2.1528],[37.6213,-2.1603],[37.6633,-2.1539],[37.6901,-2.1641],[37.6995,-2.1644],[37.7062,-2.1795],[37.7223,-2.1865],[37.7239,-2.1915],[37.7105,-2.1912],[37.7026,-2.1969],[37.6838,-2.2235],[37.6746,-2.2278],[37.6782,-2.2425],[37.6695,-2.2849],[37.6646,-2.2893],[37.6518,-2.2883],[37.6446,-2.2988],[37.6304,-2.2949],[37.6309,-2.3003],[37.6194,-2.3024],[37.6169,-2.2962],[37.608,-2.3003],[37.6063,-2.3071],[37.5973,-2.3109],[37.8495,-2.6039],[37.8781,-2.6592],[37.8907,-2.6735],[37.9009,-2.7024],[37.9215,-2.7043],[37.9304,-2.7236],[37.9243,-2.7409],[37.93,-2.7674],[37.9394,-2.777],[37.9441,-2.7808],[37.9737,-2.7886],[38.0992,-2.7205],[38.1155,-2.712],[38.1169,-2.7058],[38.1282,-2.6987],[38.1499,-2.6995],[38.157,-2.6937],[38.1615,-2.6799],[38.1679,-2.695],[38.1803,-2.7014],[38.2612,-2.7605],[38.2706,-2.77],[38.2945,-2.8042],[38.3199,-2.8331],[38.3512,-2.8869],[38.3816,-2.9182],[38.3954,-2.9271],[38.408,-2.9278],[38.4178,-2.9429],[38.4293,-2.9557],[38.4487,-2.9721],[38.4571,-2.9898],[38.4763,-2.9853],[38.4885,-2.9777],[38.492,-2.9832],[38.5095,-2.9819],[38.5191,-2.9748],[38.5107,-2.9656],[38.5046,-2.9648],[38.4919,-2.9538],[38.4879,-2.9368],[38.4759,-2.9367],[38.4745,-2.9284],[38.4607,-2.8962],[38.4518,-2.894],[38.4518,-2.8788],[38.4441,-2.8802],[38.445,-2.8682],[38.4375,-2.8628],[38.4375,-2.8549],[38.4272,-2.8495],[38.431,-2.839],[38.4255,-2.8172],[38.418,-2.8107],[38.424,-2.7945],[38.4305,-2.7914],[38.4198,-2.7586],[38.4133,-2.7506],[38.396,-2.7062],[38.3885,-2.6909],[38.382,-2.6634],[38.3661,-2.6481],[38.3614,-2.6288],[38.3469,-2.5893],[38.3379,-2.5849],[38.3308,-2.5621],[38.3376,-2.5561],[38.3214,-2.5465],[38.3205,-2.5304],[38.3165,-2.5158],[38.3107,-2.511],[38.3103,-2.501],[38.301,-2.4984],[38.2953,-2.4865],[38.2867,-2.4809],[38.2817,-2.4511],[38.2737,-2.4236],[38.253,-2.4201],[38.2449,-2.4087],[38.2361,-2.4087],[38.2308,-2.4],[38.2217,-2.3981],[38.2107,-2.3541],[38.1992,-2.3531],[38.1871,-2.3394],[38.1743,-2.3384],[38.1493,-2.3255],[38.146,-2.3208],[38.1233,-2.3177],[38.1152,-2.3101],[38.114,-2.3012],[38.1088,-2.2998],[38.1103,-2.2843],[38.0979,-2.2766],[38.0963,-2.2703],[38.0864,-2.2704],[38.0804,-2.2588],[38.0744,-2.2599],[38.07,-2.2483],[38.0671,-2.215],[38.0578,-2.2055],[38.052,-2.1845],[38.0462,-2.1788],[38.0483,-2.1685],[38.0263,-2.1609],[38.0199,-2.1461],[37.9628,-2.1653],[37.9604,-2.1405],[37.9524,-2.1331],[37.9541,-2.1056],[37.9583,-2.0701],[37.952,-2.0569],[37.9529,-2.0468],[37.9486,-2.0352],[37.9364,-2.0305],[37.9413,-2.0209],[37.9351,-2.0005],[37.9283,-1.9972],[37.9125,-1.9543],[37.9137,-1.942],[37.9076,-1.9324],[37.9094,-1.9206],[37.9162,-1.91],[37.9166,-1.9026],[37.9044,-1.9026],[37.9057,-1.8919],[37.8979,-1.8678],[37.9001,-1.8637],[37.8864,-1.8591],[37.8834,-1.8518],[37.8915,-1.842],[37.8861,-1.8336],[37.8787,-1.831],[37.8472,-1.7979],[37.8377,-1.7792],[37.8403,-1.7679],[37.8502,-1.769],[37.8549,-1.7544],[37.8493,-1.7301],[37.8443,-1.7231],[37.8429,-1.7115],[37.8351,-1.7106],[37.8368,-1.6907],[37.831,-1.6823],[37.8194,-1.6784],[37.8219,-1.6696],[37.8003,-1.6483],[37.8034,-1.6426],[37.7913,-1.62],[37.7828,-1.6094],[37.7712,-1.5829],[37.7603,-1.577],[37.7533,-1.5664]]]},"properties":{"COUNTY":"Makueni","Shape_Area":0.64931128383,"Shape_Leng":5.7537652544,"AREA_KM2":8046}},
{"type":"Feature","geometry":{"type":"MultiPolygon","coordinates":[[[[40.8919,-2.2479],[40.8789,-2.2484],[40.8703,-2.257],[40.8427,-2.2579],[40.8347,-2.2662],[40.8415,-2.2785],[40.8263,-2.2742],[40.8185,-2.2811],[40.8135,-2.2976],[40.8155,-2.3095],[40.8143,-2.3315],[40.8227,-2.3289],[40.8369,-2.3158],[40.8587,-2.3012],[40.8697,-2.2967],[40.8911,-2.2931],[40.9101,-2.2962],[40.9153,-2.2894],[40.9065,-2.2761],[40.8919,-2.2479]]],[[[40.9729,-2.2222],[40.9653,-2.2229],[40.9729,-2.2343],[40.9687,-2.2375],[40.9735,-2.2483],[40.9609,-2.2564],[40.9551,-2.2487],[40.9639,-2.2417],[40.9561,-2.2308],[40.9473,-2.2296],[40.9455,-2.2375],[40.9363,-2.2524],[40.9315,-2.255],[40.9335,-2.2424],[40.9379,-2.2377],[40.9277,-2.2366],[40.9167,-2.2249],[40.9047,-2.2209],[40.9025,-2.2332],[40.9095,-2.2527],[40.9279,-2.2784],[40.9343,-2.2818],[40.9447,-2.2791],[40.9555,-2.2853],[40.9643,-2.278],[40.9555,-2.2948],[40.9381,-2.2893],[40.9215,-2.2961],[40.9139,-2.3047],[40.9153,-2.3129],[40.9239,-2.3177],[40.9449,-2.3141],[40.9567,-2.3057],[40.9595,-2.2966],[40.9681,-2.2873],[40.9753,-2.2708],[40.9865,-2.2604],[40.9849,-2.2477],[40.9767,-2.234],[40.9729,-2.2222]]],[[[41.0585,-2.1595],[41.0603,-2.1527],[41.0499,-2.1474],[41.0421,-2.1555],[41.0517,-2.1613],[41.0585,-2.1595]]],[[[40.9861,-2.1411],[40.9785,-2.1431],[40.9779,-2.1525],[40.9889,-2.1464],[40.9861,-2.1411]]],[[[41.1401,-2.1042],[41.1349,-2.1011],[41.1311,-2.087],[41.1273,-2.1066],[41.1419,-2.1135],[41.1541,-2.1085],[41.1451,-2.1007],[41.1401,-2.1042]]],[[[41.0535,-2.0859],[41.0451,-2.084],[41.0253,-2.095],[41.0193,-2.1014],[41.0115,-2.0965],[41.0043,-2.0999],[41.0059,-2.1155],[40.9997,-2.1131],[40.9905,-2.0989],[40.9739,-2.1045],[40.9711,-2.1157],[40.9837,-2.1182],[40.9851,-2.1325],[40.9971,-2.1392],[41.0141,-2.1377],[41.0167,-2.1337],[41.0085,-2.1259],[41.0191,-2.1234],[41.0341,-2.1099],[41.0515,-2.1079],[41.0603,-2.0939],[41.0535,-2.0859]]],[[[41.0855,-2.0524],[41.0839,-2.0488],[41.0795,-2.0717],[41.0743,-2.0778],[41.0593,-2.0828],[41.0637,-2.0941],[41.0541,-2.1056],[41.0527,-2.1187],[41.0571,-2.12],[41.0517,-2.1305],[41.0555,-2.1344],[41.0721,-2.128],[41.0713,-2.1205],[41.0829,-2.1166],[41.0835,-2.1267],[41.0935,-2.1378],[41.1025,-2.1383],[41.1139,-2.1314],[41.1059,-2.1242],[41.1089,-2.1139],[41.0997,-2.0974],[41.1127,-2.078],[41.1331,-2.0809],[41.1389,-2.0857],[41.1381,-2.0948],[41.1499,-2.0887],[41.1509,-2.0948],[41.1631,-2.0809],[41.1615,-2.0718],[41.1465,-2.0685],[41.1373,-2.061],[41.1421,-2.0697],[41.1273,-2.0723],[41.1323,-2.0677],[41.1201,-2.0569],[41.1147,-2.0594],[41.1067,-2.053],[41.0855,-2.0524]]],[[[41.2023,-2.0027],[41.2055,-2.0122],[41.2125,-2.012],[41.2023,-2.0027]]],[[[41.1573,-1.9757],[41.1523,-1.9747],[41.1439,-1.9845],[41.1621,-1.9843],[41.1573,-1.9757]]],[[[41.1867,-1.9819],[41.1875,-1.9692],[41.1815,-1.9751],[41.1867,-1.9819]]],[[[41.2789,-2.0014],[41.2897,-1.9832],[41.3051,-1.9681],[41.3011,-1.9653],[41.2825,-1.986],[41.2727,-2.0008],[41.2679,-2.0027],[41.2501,-2.0303],[41.2561,-2.0288],[41.2661,-2.0131],[41.2789,-2.0014]]],[[[41.1647,-1.9583],[41.1591,-1.9555],[41.1487,-1.9591],[41.1453,-1.9701],[41.1657,-1.9679],[41.1747,-1.9592],[41.1647,-1.9583]]],[[[41.3435,-1.9254],[41.3293,-1.9356],[41.3257,-1.9437],[41.3435,-1.9254]]],[[[41.3493,-1.9204],[41.3615,-1.9058],[41.3509,-1.9144],[41.3493,-1.9204]]],[[[41.4381,-1.8364],[41.4115,-1.8512],[41.3847,-1.8845],[41.4085,-1.8648],[41.4381,-1.8364]]],[[[41.5045,-1.7551],[41.4963,-1.7584],[41.4943,-1.7689],[41.5045,-1.7551]]],[[[41.4211,-1.8163],[41.4291,-1.8015],[41.4377,-1.797],[41.4751,-1.7571],[41.4825,-1.7475],[41.4905,-1.7446],[41.5013,-1.7244],[41.5197,-1.7],[41.5565,-1.6671],[41.5621,-1.6586],[40.9029,-1.7145],[40.2079,-2.0329],[40.2495,-2.2488],[40.2495,-2.3981],[40.4407,-2.3975],[40.6637,-2.4679],[40.7307,-2.456],[40.7421,-2.4501],[40.7691,-2.4477],[40.7709,-2.4337],[40.7833,-2.4188],[40.8223,-2.3892],[40.8231,-2.3696],[40.8151,-2.355],[40.8069,-2.3541],[40.7985,-2.3478],[40.7891,-2.3461],[40.7905,-2.36],[40.7863,-2.3703],[40.7707,-2.3825],[40.7725,-2.3912],[40.7589,-2.3947],[40.7683,-2.3867],[40.7691,-2.3757],[40.7805,-2.3639],[40.7709,-2.3575],[40.7589,-2.3277],[40.7589,-2.3178],[40.7269,-2.3036],[40.7261,-2.3112],[40.7013,-2.3051],[40.7035,-2.2939],[40.6929,-2.2913],[40.7047,-2.2788],[40.7131,-2.2858],[40.7053,-2.2716],[40.7121,-2.27],[40.7205,-2.278],[40.7257,-2.2718],[40.7299,-2.2758],[40.7255,-2.2847],[40.7483,-2.294],[40.7541,-2.3059],[40.7561,-2.3013],[40.7493,-2.2883],[40.7377,-2.2821],[40.7401,-2.2727],[40.7345,-2.2593],[40.7233,-2.2668],[40.7201,-2.2615],[40.7053,-2.2618],[40.7245,-2.2505],[40.7229,-2.2311],[40.7013,-2.2056],[40.7195,-2.2169],[40.7313,-2.2375],[40.7453,-2.2446],[40.7445,-2.2276],[40.7483,-2.2297],[40.7487,-2.246],[40.7629,-2.2524],[40.7687,-2.2385],[40.7711,-2.2502],[40.7765,-2.2444],[40.7809,-2.2604],[40.7995,-2.2452],[40.7941,-2.2327],[40.8005,-2.2375],[40.8147,-2.2295],[40.8289,-2.2267],[40.8407,-2.2307],[40.8279,-2.2433],[40.8483,-2.2336],[40.8621,-2.2344],[40.8683,-2.2233],[40.8785,-2.2217],[40.8597,-2.2117],[40.8793,-2.2113],[40.8783,-2.2031],[40.8689,-2.201],[40.8807,-2.1958],[40.8867,-2.186],[40.8891,-2.1971],[40.9025,-2.2022],[40.9031,-2.2121],[40.9201,-2.2207],[40.9259,-2.221],[40.9197,-2.2112],[40.9153,-2.183],[40.9183,-2.1583],[40.9133,-2.1457],[40.9105,-2.1275],[40.9123,-2.0894],[40.9041,-2.0773],[40.8961,-2.0838],[40.8995,-2.0712],[40.8893,-2.0704],[40.8821,-2.0766],[40.8761,-2.0741],[40.8849,-2.0676],[40.8835,-2.062],[40.8717,-2.0714],[40.8553,-2.0722],[40.8511,-2.069],[40.8733,-2.0642],[40.8799,-2.0544],[40.8945,-2.0602],[40.8903,-2.0502],[40.8747,-2.0461],[40.8865,-2.0348],[40.9005,-2.0456],[40.9005,-2.0254],[40.9035,-2.012],[40.8921,-2.0088],[40.8793,-2.0169],[40.8667,-2.0113],[40.8575,-2.0204],[40.8481,-2.0152],[40.8411,-2.0186],[40.8289,-2.016],[40.8329,-2.0105],[40.8585,-2.0093],[40.8629,-2.0031],[40.8721,-2.0005],[40.8635,-1.9922],[40.8399,-1.9774],[40.8311,-1.9804],[40.8189,-1.97],[40.7903,-1.9566],[40.7913,-1.9519],[40.7709,-1.9422],[40.7737,-1.9338],[40.7823,-1.9426],[40.8035,-1.944],[40.8113,-1.9521],[40.8159,-1.9457],[40.8245,-1.9566],[40.8453,-1.9593],[40.8361,-1.9368],[40.8513,-1.9461],[40.8559,-1.9585],[40.8527,-1.9678],[40.8641,-1.9712],[40.8669,-1.9603],[40.8763,-1.9656],[40.8741,-1.9832],[40.8783,-1.988],[40.8925,-1.991],[40.9019,-1.9828],[40.8983,-1.9908],[40.9155,-1.9916],[40.9253,-2.0102],[40.9359,-2.0082],[40.9361,-2.0161],[40.9219,-2.0247],[40.9249,-2.0323],[40.9433,-2.0523],[40.9369,-2.0617],[40.9431,-2.0754],[40.9591,-2.0702],[40.9575,-2.0463],[40.9607,-2.0418],[40.9529,-2.0249],[40.9523,-2.0177],[40.9629,-2.0003],[40.9625,-1.9919],[40.9691,-1.9846],[40.9655,-1.9742],[40.9719,-1.9604],[40.9639,-1.9557],[40.9609,-1.9449],[40.9737,-1.9285],[40.9837,-1.9268],[40.9919,-1.9188],[40.9847,-1.9154],[40.9803,-1.9066],[40.9911,-1.911],[41.0013,-1.9033],[40.9997,-1.8959],[41.0183,-1.8925],[41.0351,-1.8785],[41.0371,-1.8694],[41.0453,-1.8658],[41.0507,-1.8749],[41.0505,-1.8835],[41.0281,-1.9004],[41.0107,-1.9103],[41.0081,-1.9229],[41.0031,-1.92],[40.9995,-1.9285],[40.9831,-1.9471],[40.9899,-1.9601],[40.9891,-1.9736],[40.9923,-1.9838],[40.9877,-1.9828],[40.9839,-1.9974],[40.9897,-2.0029],[40.9893,-2.0128],[40.9833,-2.0176],[40.9893,-2.0218],[40.9911,-2.0341],[41.0069,-2.0279],[41.0107,-2.0323],[41.0069,-2.0397],[41.0143,-2.0458],[41.0243,-2.0356],[41.0287,-2.0416],[41.0427,-2.0209],[41.0447,-2.0119],[41.0571,-2.0037],[41.0611,-2.0111],[41.0609,-1.9869],[41.0931,-1.9661],[41.0961,-1.9688],[41.1127,-1.9602],[41.1185,-1.9721],[41.1231,-1.9592],[41.1345,-1.9611],[41.1493,-1.948],[41.1479,-1.9533],[41.1639,-1.9387],[41.1625,-1.9308],[41.1775,-1.9255],[41.1995,-1.9054],[41.2009,-1.8988],[41.2085,-1.8984],[41.2261,-1.8885],[41.2181,-1.9047],[41.2185,-1.9098],[41.2277,-1.9013],[41.2405,-1.9069],[41.2363,-1.9174],[41.2513,-1.9138],[41.2501,-1.9292],[41.2359,-1.9384],[41.2411,-1.9428],[41.2361,-1.9494],[41.2527,-1.9436],[41.2497,-1.9371],[41.2573,-1.9339],[41.2647,-1.9385],[41.2771,-1.9368],[41.2821,-1.9549],[41.2749,-1.9627],[41.2763,-1.9814],[41.2949,-1.9674],[41.3033,-1.9541],[41.3149,-1.9567],[41.3135,-1.9499],[41.3201,-1.9466],[41.3235,-1.9343],[41.3393,-1.9134],[41.3511,-1.9104],[41.3561,-1.8969],[41.3627,-1.8892],[41.3899,-1.865],[41.3791,-1.8662],[41.3671,-1.8594],[41.3805,-1.8553],[41.3839,-1.8635],[41.3937,-1.8544],[41.3951,-1.8451],[41.4181,-1.8267],[41.4211,-1.8163]]]]},"properties":{"COUNTY":"Lamu","Shape_Area":0.50166466648,"Shape_Leng":11.2683090162,"AREA_KM2":6217}},
{"type":"Feature","geometry":{"type":"MultiPolygon","coordinates":[[[[39.9641,-3.3569],[39.9499,-3.3584],[39.9593,-3.3654],[39.9641,-3.3569]]],[[[39.9741,-3.351],[39.9695,-3.3384],[39.9685,-3.3488],[39.9741,-3.351]]],[[[40.1641,-2.9382],[40.1617,-2.9278],[40.1665,-2.904],[40.1609,-2.9215],[40.1593,-2.9346],[40.1641,-2.9382]]],[[[40.1703,-2.8812],[40.1713,-2.8675],[40.1671,-2.8718],[40.1703,-2.8812]]],[[[40.1825,-2.7451],[40.1809,-2.7397],[40.1741,-2.7457],[40.1825,-2.7451]]],[[[40.1779,-2.7238],[40.1741,-2.7373],[40.1813,-2.7286],[40.1779,-2.7238]]],[[[39.6841,-3.9225],[39.6889,-3.9219],[39.6939,-3.9113],[39.7087,-3.9052],[39.7123,-3.8933],[39.7179,-3.8964],[39.7033,-3.9225],[39.7111,-3.9305],[39.7131,-3.9459],[39.7255,-3.9495],[39.7357,-3.9453],[39.7515,-3.9538],[39.7643,-3.9495],[39.7755,-3.9363],[39.7859,-3.9055],[39.8129,-3.8552],[39.8295,-3.818],[39.8297,-3.8068],[39.8357,-3.7936],[39.8435,-3.762],[39.8529,-3.7413],[39.8603,-3.7126],[39.8697,-3.693],[39.8651,-3.6745],[39.8681,-3.6635],[39.8669,-3.6505],[39.8619,-3.64],[39.8505,-3.6344],[39.8339,-3.6325],[39.8221,-3.639],[39.8191,-3.645],[39.7969,-3.6419],[39.7931,-3.632],[39.7835,-3.6225],[39.7841,-3.6167],[39.7947,-3.6253],[39.8065,-3.623],[39.8037,-3.6117],[39.7797,-3.6097],[39.7711,-3.5966],[39.7711,-3.5896],[39.7783,-3.5801],[39.7857,-3.5777],[39.7771,-3.5935],[39.7815,-3.6079],[39.7983,-3.6016],[39.8139,-3.6018],[39.8237,-3.6097],[39.8301,-3.6199],[39.8405,-3.6244],[39.8439,-3.6308],[39.8635,-3.6332],[39.8703,-3.6272],[39.8813,-3.6073],[39.8933,-3.5794],[39.9053,-3.5554],[39.9225,-3.5059],[39.9263,-3.4904],[39.9359,-3.4748],[39.9413,-3.4577],[39.9569,-3.4281],[39.9683,-3.4008],[39.9657,-3.3888],[39.9507,-3.3825],[39.9479,-3.3771],[39.9363,-3.3833],[39.9431,-3.3753],[39.9341,-3.3695],[39.9395,-3.364],[39.9371,-3.3482],[39.9475,-3.3477],[39.9553,-3.3398],[39.9489,-3.3349],[39.9543,-3.3261],[39.9775,-3.3175],[39.9899,-3.3168],[39.9963,-3.3125],[39.9839,-3.3285],[39.9839,-3.3337],[39.9927,-3.3499],[39.9901,-3.3534],[39.9929,-3.3672],[39.9825,-3.365],[39.9709,-3.3739],[39.9697,-3.3858],[39.9743,-3.3861],[39.9927,-3.3719],[40.0063,-3.3583],[40.0247,-3.3517],[40.0231,-3.3484],[40.0575,-3.3302],[40.0749,-3.3156],[40.0877,-3.3107],[40.1117,-3.2945],[40.1195,-3.2867],[40.1247,-3.275],[40.1241,-3.2676],[40.1313,-3.2516],[40.1255,-3.2451],[40.1277,-3.2202],[40.1175,-3.2073],[40.1191,-3.187],[40.1335,-3.1616],[40.1255,-3.1462],[40.1359,-3.1566],[40.1465,-3.1423],[40.1599,-3.1288],[40.1587,-3.0956],[40.1531,-3.0829],[40.1577,-3.0744],[40.1721,-3.0631],[40.1689,-3.0459],[40.1797,-3.0306],[40.1949,-3.0245],[40.1983,-3.0088],[40.2097,-2.9995],[40.2191,-2.9989],[40.2313,-2.9899],[40.2375,-2.9929],[40.2411,-2.984],[40.2387,-2.9751],[40.2317,-2.9764],[40.2165,-2.9918],[40.2015,-2.9888],[40.1845,-2.9925],[40.1779,-3.01],[40.1673,-3.0169],[40.1649,-3.0299],[40.1493,-3.0312],[40.1511,-3.0387],[40.1447,-3.0443],[40.1421,-3.0235],[40.1495,-2.9979],[40.1475,-2.9856],[40.1513,-2.9729],[40.1505,-2.9377],[40.1575,-2.9349],[40.1595,-2.9131],[40.1529,-2.9194],[40.1489,-2.9079],[40.1623,-2.9118],[40.1695,-2.8887],[40.1467,-2.9002],[40.1469,-2.887],[40.1525,-2.8898],[40.1523,-2.8717],[40.1571,-2.8702],[40.1575,-2.8809],[40.1623,-2.8804],[40.1691,-2.8537],[40.1703,-2.8585],[40.1761,-2.8435],[40.1809,-2.8168],[40.1701,-2.8007],[40.1679,-2.7925],[40.1637,-2.7999],[40.1579,-2.7788],[40.1661,-2.7794],[40.1615,-2.7706],[40.1623,-2.7569],[40.1677,-2.7664],[40.1713,-2.7569],[40.1711,-2.7433],[40.1639,-2.7423],[40.1647,-2.7142],[40.1741,-2.7166],[40.1753,-2.7141],[40.1757,-2.7136],[39.8897,-2.31],[39.2185,-3.0691],[39.2173,-3.0729],[39.1539,-3.3234],[39.0923,-3.5671],[39.2999,-3.5683],[39.3149,-3.563],[39.3267,-3.5873],[39.3445,-3.5952],[39.3479,-3.6051],[39.3425,-3.6357],[39.3483,-3.637],[39.3545,-3.6527],[39.3521,-3.6717],[39.3537,-3.6924],[39.3467,-3.7011],[39.3533,-3.7065],[39.3565,-3.7267],[39.3727,-3.7395],[39.3909,-3.7354],[39.3917,-3.7652],[39.3805,-3.7705],[39.3879,-3.7747],[39.3885,-3.7813],[39.3785,-3.7854],[39.3773,-3.8066],[39.3967,-3.8235],[39.4203,-3.8194],[39.4451,-3.8475],[39.4537,-3.8541],[39.4661,-3.8578],[39.4835,-3.8802],[39.4943,-3.8843],[39.5001,-3.9013],[39.5071,-3.9038],[39.5203,-3.9162],[39.5207,-3.9278],[39.5279,-3.9298],[39.5253,-3.946],[39.5443,-3.9691],[39.5427,-3.9914],[39.5539,-3.9832],[39.5637,-3.9869],[39.5695,-3.9872],[39.5739,-3.9854],[39.5677,-3.9757],[39.5691,-3.9743],[39.5829,-3.9676],[39.5843,-3.9627],[39.5969,-3.9511],[39.6053,-3.9525],[39.6085,-3.9583],[39.6231,-3.9596],[39.6277,-3.9619],[39.6437,-3.9566],[39.6477,-3.9507],[39.6525,-3.9439],[39.6499,-3.934],[39.6487,-3.9333],[39.6473,-3.934],[39.6461,-3.9338],[39.6419,-3.9231],[39.6705,-3.9187],[39.6841,-3.9225]]]]},"properties":{"COUNTY":"Kilifi","Shape_Area":1.01702112677,"Shape_Leng":6.85812271517,"AREA_KM2":12603}},
{"type":"Feature","geometry":{"type":"Polygon","coordinates":[[[39.0751,-3.0411],[39.0608,-3.0407],[39.0537,-3.0335],[39.0447,-3.031],[39.0439,-3.0216],[39.0343,-3.0242],[39.0273,-3.0204],[39.0149,-3.0246],[38.9903,-3.0268],[38.9806,-3.0393],[38.9523,-3.0392],[38.9371,-3.0346],[38.9315,-3.0404],[38.9167,-3.0445],[38.8936,-3.0385],[38.8644,-3.0571],[38.8474,-3.0609],[38.8413,-3.0535],[38.8359,-3.0594],[38.8213,-3.0656],[38.8016,-3.0675],[38.7979,-3.061],[38.8069,-3.0594],[38.8095,-3.0533],[38.7893,-3.0484],[38.7802,-3.0488],[38.7726,-3.0439],[38.7566,-3.0461],[38.7335,-3.0425],[38.7277,-3.0383],[38.7082,-3.0321],[38.6969,-3.0369],[38.6846,-3.0354],[38.6652,-3.0394],[38.6615,-3.0288],[38.6541,-3.0251],[38.6439,-3.0129],[38.6313,-3.0123],[38.6093,-3.0065],[38.6101,-2.9959],[38.5942,-2.9986],[38.5849,-2.9877],[38.5642,-2.9866],[38.5448,-2.9796],[38.539,-2.9737],[38.5191,-2.9748],[38.5095,-2.9819],[38.492,-2.9832],[38.4885,-2.9777],[38.4763,-2.9853],[38.4571,-2.9898],[38.4487,-2.9721],[38.4293,-2.9557],[38.4178,-2.9429],[38.408,-2.9278],[38.3954,-2.9271],[38.3816,-2.9182],[38.3512,-2.8869],[38.3199,-2.8331],[38.2945,-2.8042],[38.2706,-2.77],[38.2612,-2.7605],[38.1803,-2.7014],[38.1679,-2.695],[38.1615,-2.6799],[38.157,-2.6937],[38.1499,-2.6995],[38.1282,-2.6987],[38.1169,-2.7058],[38.1155,-2.712],[38.0992,-2.7205],[37.9737,-2.7886],[37.9441,-2.7808],[37.9394,-2.777],[37.9183,-2.8685],[37.8951,-2.8859],[37.8708,-3.0774],[37.8541,-3.0785],[37.8535,-3.1682],[37.8529,-3.1782],[37.833,-3.1855],[37.8298,-3.1801],[37.8102,-3.1663],[37.7913,-3.1699],[37.6906,-3.1789],[37.7112,-3.308],[37.6845,-3.32],[37.6845,-3.3463],[37.6795,-3.3527],[37.6614,-3.355],[37.618,-3.3996],[37.5848,-3.4384],[37.5848,-3.4598],[37.5968,-3.456],[37.6086,-3.4599],[37.6195,-3.4576],[37.6229,-3.472],[37.6127,-3.4977],[37.6039,-3.5046],[37.6045,-3.5182],[37.6198,-3.5184],[37.6694,-3.5061],[37.6846,-3.5108],[37.6969,-3.526],[37.7197,-3.5286],[37.7283,-3.5375],[37.7441,-3.5426],[37.753,-3.5792],[37.7608,-3.6172],[37.7838,-3.6734],[38.4465,-4.1372],[38.4502,-4.1359],[38.9453,-3.9589],[39.0368,-3.7597],[38.9275,-3.6955],[38.965,-3.6317],[39.0613,-3.6893],[39.0922,-3.5671],[39.1539,-3.3234],[39.2174,-3.0729],[39.2171,-3.0724],[39.217,-3.0721],[39.2171,-3.071],[39.2178,-3.0683],[39.2161,-3.0656],[39.2024,-3.0656],[39.196,-3.0611],[39.1826,-3.0633],[39.1739,-3.0567],[39.1694,-3.0643],[39.1527,-3.0468],[39.1426,-3.0491],[39.1398,-3.0415],[39.133,-3.0421],[39.129,-3.0208],[39.1109,-3.0244],[39.1013,-3.0367],[39.0871,-3.0431],[39.0824,-3.0525],[39.0751,-3.0411]]]},"properties":{"COUNTY":"Taita Taveta","Shape_Area":1.39585381446,"Shape_Leng":5.57263939189,"AREA_KM2":17298}},
{"type":"Feature","geometry":{"type":"MultiPolygon","coordinates":[[[[39.3647,-4.655],[39.3611,-4.6638],[39.3859,-4.6642],[39.4039,-4.6668],[39.3973,-4.6552],[39.3887,-4.6587],[39.3647,-4.655]]],[[[39.2299,-4.6478],[39.2267,-4.6404],[39.2231,-4.646],[39.2299,-4.6478]]],[[[39.3097,-4.5744],[39.2987,-4.5752],[39.3025,-4.5901],[39.3103,-4.58],[39.3097,-4.5744]]],[[[39.4535,-4.5588],[39.4603,-4.5519],[39.4611,-4.5366],[39.4529,-4.5321],[39.4479,-4.5405],[39.4487,-4.5494],[39.4437,-4.559],[39.4341,-4.5559],[39.4321,-4.561],[39.4363,-4.5879],[39.4409,-4.5891],[39.4457,-4.5792],[39.4545,-4.5715],[39.4535,-4.5588]]],[[[39.5637,-3.9869],[39.5539,-3.9832],[39.5427,-3.9914],[39.5443,-3.9691],[39.5253,-3.946],[39.5279,-3.9298],[39.5207,-3.9278],[39.5203,-3.9162],[39.5071,-3.9038],[39.5001,-3.9013],[39.4943,-3.8843],[39.4835,-3.8802],[39.4661,-3.8578],[39.4537,-3.8541],[39.4451,-3.8475],[39.4203,-3.8194],[39.3967,-3.8235],[39.3773,-3.8066],[39.3785,-3.7854],[39.3885,-3.7813],[39.3879,-3.7747],[39.3805,-3.7705],[39.3917,-3.7652],[39.3909,-3.7354],[39.3727,-3.7395],[39.3565,-3.7267],[39.3533,-3.7065],[39.3467,-3.7011],[39.3537,-3.6924],[39.3521,-3.6717],[39.3545,-3.6527],[39.3483,-3.637],[39.3425,-3.6357],[39.3479,-3.6051],[39.3445,-3.5952],[39.3267,-3.5873],[39.3149,-3.563],[39.2999,-3.5683],[39.0923,-3.5671],[39.0613,-3.6892],[38.9651,-3.6318],[38.9275,-3.6954],[39.0369,-3.7597],[38.9453,-3.9589],[38.4503,-4.1358],[38.4465,-4.1372],[39.1899,-4.6573],[39.1939,-4.6672],[39.2023,-4.6658],[39.2065,-4.675],[39.2181,-4.6769],[39.2121,-4.6639],[39.2195,-4.6589],[39.2207,-4.6508],[39.2109,-4.6487],[39.2155,-4.6355],[39.2235,-4.6328],[39.2261,-4.6166],[39.2441,-4.6087],[39.2483,-4.613],[39.2563,-4.5991],[39.2689,-4.5995],[39.2551,-4.5915],[39.2451,-4.5818],[39.2417,-4.5699],[39.2455,-4.5692],[39.2621,-4.5821],[39.2723,-4.5791],[39.2793,-4.584],[39.2841,-4.5753],[39.2947,-4.5666],[39.3007,-4.5683],[39.3331,-4.5592],[39.3359,-4.5667],[39.3215,-4.5713],[39.3161,-4.5904],[39.3203,-4.5949],[39.3085,-4.6069],[39.3185,-4.6026],[39.3255,-4.6096],[39.3141,-4.613],[39.3087,-4.6225],[39.3097,-4.6312],[39.3197,-4.6315],[39.3289,-4.6408],[39.3471,-4.6347],[39.3795,-4.6451],[39.3915,-4.6458],[39.4029,-4.6427],[39.4037,-4.6371],[39.3965,-4.6218],[39.3909,-4.6021],[39.3907,-4.5907],[39.3863,-4.5818],[39.3889,-4.5769],[39.3837,-4.559],[39.3757,-4.5558],[39.3771,-4.5433],[39.3905,-4.5456],[39.3915,-4.5523],[39.4109,-4.547],[39.4127,-4.5345],[39.4267,-4.5325],[39.4225,-4.5146],[39.4271,-4.5112],[39.4383,-4.517],[39.4443,-4.5037],[39.4571,-4.5176],[39.4617,-4.5306],[39.4695,-4.5016],[39.4833,-4.4768],[39.4967,-4.4659],[39.4957,-4.4518],[39.5003,-4.4411],[39.5079,-4.4356],[39.5113,-4.4217],[39.5055,-4.4179],[39.5065,-4.401],[39.5191,-4.3984],[39.5339,-4.4101],[39.5351,-4.4257],[39.5323,-4.4351],[39.5375,-4.4359],[39.5413,-4.4272],[39.5479,-4.3885],[39.5597,-4.3597],[39.5693,-4.3297],[39.5951,-4.2741],[39.5961,-4.2569],[39.6067,-4.2265],[39.6125,-4.2029],[39.6289,-4.1791],[39.6407,-4.1552],[39.6253,-4.1449],[39.6309,-4.1372],[39.6315,-4.1285],[39.6377,-4.1206],[39.6313,-4.1202],[39.6081,-4.0891],[39.5953,-4.1017],[39.5977,-4.1096],[39.5909,-4.1163],[39.5785,-4.1192],[39.5767,-4.1195],[39.5867,-4.1024],[39.5789,-4.0854],[39.5767,-4.0373],[39.5629,-4.0196],[39.5667,-4.0108],[39.5701,-4.0032],[39.5675,-3.993],[39.5637,-3.9869]]]]},"properties":{"COUNTY":"Kwale","Shape_Area":0.67135642075,"Shape_Leng":5.64662009322,"AREA_KM2":8320}},
{"type":"Feature","geometry":{"type":"MultiPolygon","coordinates":[[[[39.6253,-4.1449],[39.6409,-4.155],[39.6533,-4.1291],[39.6709,-4.098],[39.6735,-4.0805],[39.6593,-4.0789],[39.6419,-4.0677],[39.6381,-4.0494],[39.6361,-4.058],[39.6285,-4.0618],[39.6177,-4.0585],[39.6187,-4.0638],[39.6045,-4.0655],[39.6011,-4.0616],[39.5867,-4.075],[39.5889,-4.0837],[39.5839,-4.0896],[39.5931,-4.1053],[39.5857,-4.1138],[39.5909,-4.1163],[39.5977,-4.1096],[39.5953,-4.1017],[39.6081,-4.0891],[39.6313,-4.1202],[39.6377,-4.1206],[39.6315,-4.1285],[39.6309,-4.1372],[39.6253,-4.1449]]],[[[39.6641,-4.0287],[39.6573,-4.0293],[39.6407,-4.0423],[39.6473,-4.0587],[39.6661,-4.0769],[39.6717,-4.0767],[39.6817,-4.0683],[39.6697,-4.0431],[39.6741,-4.0364],[39.6641,-4.0287]]],[[[39.6231,-3.9596],[39.6145,-3.9664],[39.6157,-3.9729],[39.6319,-3.9784],[39.6373,-3.9688],[39.6523,-3.9791],[39.6573,-3.9869],[39.6547,-3.9602],[39.6437,-3.9566],[39.6277,-3.9619],[39.6231,-3.9596]]],[[[39.5667,-4.0108],[39.5675,-4.0193],[39.5731,-4.0236],[39.5857,-4.0248],[39.5827,-4.0413],[39.6379,-4.041],[39.6403,-4.0157],[39.6349,-4.0063],[39.6351,-3.9894],[39.6111,-3.9868],[39.6069,-3.9808],[39.6053,-3.9525],[39.5969,-3.9511],[39.5843,-3.9627],[39.5829,-3.9676],[39.5691,-3.9743],[39.5677,-3.9757],[39.5739,-3.9854],[39.5695,-3.9872],[39.5675,-3.993],[39.5701,-4.0032],[39.5667,-4.0108]]],[[[39.6477,-3.9507],[39.6625,-3.9606],[39.6603,-3.9716],[39.6677,-3.9715],[39.6713,-4.003],[39.6609,-4.0116],[39.6605,-4.0194],[39.6755,-4.03],[39.6731,-4.0412],[39.6807,-4.0432],[39.6801,-4.053],[39.6883,-4.0617],[39.7027,-4.0551],[39.7223,-4.0243],[39.7307,-4.0169],[39.7253,-4.0078],[39.7361,-3.987],[39.7519,-3.9674],[39.7633,-3.9588],[39.7455,-3.954],[39.7363,-3.9481],[39.7305,-3.9516],[39.6977,-3.9521],[39.7071,-3.9451],[39.6961,-3.9389],[39.6931,-3.9219],[39.6841,-3.9225],[39.6705,-3.9187],[39.6419,-3.9231],[39.6461,-3.9338],[39.6473,-3.934],[39.6487,-3.9333],[39.6499,-3.934],[39.6525,-3.9439],[39.6477,-3.9507]]]]},"properties":{"COUNTY":"Mombasa","Shape_Area":0.0184437204,"Shape_Leng":1.97902568463,"AREA_KM2":229}}
]}